Datetime,EWMA-3,sin_hour,cos_hour,sin_day,cos_day
2021-12-23 00:00:00,0.1956597666666666,0.0,1.0,-0.9945218953682734,0.10452846326765299
2021-12-23 01:00:00,0.1959679166666666,0.25881904510252074,0.9659258262890683,-0.9945218953682734,0.10452846326765299
2021-12-23 02:00:00,0.2029050416666666,0.49999999999999994,0.8660254037844387,-0.9945218953682734,0.10452846326765299
2021-12-23 03:00:00,0.2079608958333333,0.7071067811865476,0.7071067811865476,-0.9945218953682734,0.10452846326765299
2021-12-23 04:00:00,0.2113587229166666,0.8660254037844386,0.5000000000000001,-0.9945218953682734,0.10452846326765299
2021-12-23 05:00:00,0.211355278125,0.9659258262890683,0.25881904510252074,-0.9945218953682734,0.10452846326765299
2021-12-23 06:00:00,0.2113720890625,1.0,6.123233995736766e-17,-0.9945218953682734,0.10452846326765299
2021-12-23 07:00:00,0.2105463361979166,0.9659258262890683,-0.25881904510252063,-0.9945218953682734,0.10452846326765299
2021-12-23 08:00:00,0.3207408514322916,0.8660254037844387,-0.4999999999999998,-0.9945218953682734,0.10452846326765299
2021-12-23 09:00:00,0.9204985507161458,0.7071067811865476,-0.7071067811865475,-0.9945218953682734,0.10452846326765299
2021-12-23 10:00:00,0.9770326170247396,0.49999999999999994,-0.8660254037844387,-0.9945218953682734,0.10452846326765299
2021-12-23 11:00:00,0.7332234835123698,0.258819045102521,-0.9659258262890682,-0.9945218953682734,0.10452846326765299
2021-12-23 12:00:00,0.5107666917561848,1.2246467991473532e-16,-1.0,-0.9945218953682734,0.10452846326765299
2021-12-23 13:00:00,0.3802227542114257,-0.2588190451025208,-0.9659258262890683,-0.9945218953682734,0.10452846326765299
2021-12-23 14:00:00,0.3089205604390461,-0.4999999999999997,-0.8660254037844388,-0.9945218953682734,0.10452846326765299
2021-12-23 15:00:00,0.2746999968861897,-0.7071067811865471,-0.7071067811865479,-0.9945218953682734,0.10452846326765299
2021-12-23 16:00:00,0.2816560734430948,-0.8660254037844385,-0.5000000000000004,-0.9945218953682734,0.10452846326765299
2021-12-23 17:00:00,0.2924950533882141,-0.9659258262890683,-0.25881904510252063,-0.9945218953682734,0.10452846326765299
2021-12-23 18:00:00,0.3040381600274403,-1.0,-1.8369701987210297e-16,-0.9945218953682734,0.10452846326765299
2021-12-23 19:00:00,0.3021680133470535,-0.9659258262890684,0.2588190451025203,-0.9945218953682734,0.10452846326765299
2021-12-23 20:00:00,0.2851565400068601,-0.8660254037844386,0.5000000000000001,-0.9945218953682734,0.10452846326765299
2021-12-23 21:00:00,0.25992409500343,-0.7071067811865477,0.7071067811865474,-0.9945218953682734,0.10452846326765299
2021-12-23 22:00:00,0.2412942141683816,-0.5000000000000004,0.8660254037844384,-0.9945218953682734,0.10452846326765299
2021-12-23 23:00:00,0.2293756154175241,-0.25881904510252157,0.9659258262890681,-0.9945218953682734,0.10452846326765299
2021-12-24 00:00:00,0.2227362493754287,0.0,1.0,-0.9510565162951536,0.30901699437494723
2021-12-24 01:00:00,0.218086291354381,0.25881904510252074,0.9659258262890683,-0.9510565162951536,0.30901699437494723
2021-12-24 02:00:00,0.2173342623438571,0.49999999999999994,0.8660254037844387,-0.9510565162951536,0.30901699437494723
2021-12-24 03:00:00,0.2449501561719285,0.7071067811865476,0.7071067811865476,-0.9510565162951536,0.30901699437494723
2021-12-24 04:00:00,0.2660179030859642,0.8660254037844386,0.5000000000000001,-0.9510565162951536,0.30901699437494723
2021-12-24 05:00:00,0.2498505932096487,0.9659258262890683,0.25881904510252074,-0.9510565162951536,0.30901699437494723
2021-12-24 06:00:00,0.239625163271491,1.0,6.123233995736766e-17,-0.9510565162951536,0.30901699437494723
2021-12-24 07:00:00,0.2344333983024121,0.9659258262890683,-0.25881904510252063,-0.9510565162951536,0.30901699437494723
2021-12-24 08:00:00,0.2313270908178727,0.8660254037844387,-0.4999999999999998,-0.9510565162951536,0.30901699437494723
2021-12-24 09:00:00,0.231276437075603,0.7071067811865476,-0.7071067811865475,-0.9510565162951536,0.30901699437494723
2021-12-24 10:00:00,0.2339463102044681,0.49999999999999994,-0.8660254037844387,-0.9510565162951536,0.30901699437494723
2021-12-24 11:00:00,0.2365647467689007,0.258819045102521,-0.9659258262890682,-0.9510565162951536,0.30901699437494723
2021-12-24 12:00:00,0.243971265051117,1.2246467991473532e-16,-1.0,-0.9510565162951536,0.30901699437494723
2021-12-24 13:00:00,0.2766513908588918,-0.2588190451025208,-0.9659258262890683,-0.9510565162951536,0.30901699437494723
2021-12-24 14:00:00,0.3009930537627792,-0.4999999999999997,-0.8660254037844388,-0.9510565162951536,0.30901699437494723
2021-12-24 15:00:00,0.2764923518813896,-0.7071067811865471,-0.7071067811865479,-0.9510565162951536,0.30901699437494723
2021-12-24 16:00:00,0.2570870842740281,-0.8660254037844385,-0.5000000000000004,-0.9510565162951536,0.30901699437494723
2021-12-24 17:00:00,0.243748117137014,-0.9659258262890683,-0.25881904510252063,-0.9510565162951536,0.30901699437494723
2021-12-24 18:00:00,0.2344830752351736,-1.0,-1.8369701987210297e-16,-0.9510565162951536,0.30901699437494723
2021-12-24 19:00:00,0.2279899959509201,-0.9659258262890684,0.2588190451025203,-0.9510565162951536,0.30901699437494723
2021-12-24 20:00:00,0.2238179396421267,-0.8660254037844386,0.5000000000000001,-0.9510565162951536,0.30901699437494723
2021-12-24 21:00:00,0.22109978648773,-0.7071067811865477,0.7071067811865474,-0.9510565162951536,0.30901699437494723
2021-12-24 22:00:00,0.2200835015771983,-0.5000000000000004,0.8660254037844384,-0.9510565162951536,0.30901699437494723
2021-12-24 23:00:00,0.2183123674552658,-0.25881904510252157,0.9659258262890681,-0.9510565162951536,0.30901699437494723
2021-12-25 00:00:00,0.2173886420609662,0.0,1.0,-0.8660254037844386,0.5000000000000001
2021-12-25 01:00:00,0.2168388710304831,0.25881904510252074,0.9659258262890683,-0.8660254037844386,0.5000000000000001
2021-12-25 02:00:00,0.2166277771819082,0.49999999999999994,0.8660254037844387,-0.8660254037844386,0.5000000000000001
2021-12-25 03:00:00,0.2170495552576207,0.7071067811865476,0.7071067811865476,-0.8660254037844386,0.5000000000000001
2021-12-25 04:00:00,0.218627969295477,0.8660254037844386,0.5000000000000001,-0.8660254037844386,0.5000000000000001
2021-12-25 05:00:00,0.2197253596477385,0.9659258262890683,0.25881904510252074,-0.8660254037844386,0.5000000000000001
2021-12-25 06:00:00,0.2210346798238692,1.0,6.123233995736766e-17,-0.8660254037844386,0.5000000000000001
2021-12-25 07:00:00,0.2223381899119346,0.9659258262890683,-0.25881904510252063,-0.8660254037844386,0.5000000000000001
2021-12-25 08:00:00,0.2236466116226339,0.8660254037844387,-0.4999999999999998,-0.8660254037844386,0.5000000000000001
2021-12-25 09:00:00,0.2257917141446502,0.7071067811865476,-0.7071067811865475,-0.8660254037844386,0.5000000000000001
2021-12-25 10:00:00,0.2276652820723251,0.49999999999999994,-0.8660254037844387,-0.8660254037844386,0.5000000000000001
2021-12-25 11:00:00,0.2282004327028292,0.258819045102521,-0.9659258262890682,-0.8660254037844386,0.5000000000000001
2021-12-25 12:00:00,0.2296126663514145,1.2246467991473532e-16,-1.0,-0.8660254037844386,0.5000000000000001
2021-12-25 13:00:00,0.2333437415090405,-0.2588190451025208,-0.9659258262890683,-0.8660254037844386,0.5000000000000001
2021-12-25 14:00:00,0.2402708290878535,-0.4999999999999997,-0.8660254037844388,-0.8660254037844386,0.5000000000000001
2021-12-25 15:00:00,0.2487270562105934,-0.7071067811865471,-0.7071067811865479,-0.8660254037844386,0.5000000000000001
2021-12-25 16:00:00,0.2426476031052967,-0.8660254037844385,-0.5000000000000004,-0.8660254037844386,0.5000000000000001
2021-12-25 17:00:00,0.2307331098859817,-0.9659258262890683,-0.25881904510252063,-0.8660254037844386,0.5000000000000001
2021-12-25 18:00:00,0.2223621882763241,-1.0,-1.8369701987210297e-16,-0.8660254037844386,0.5000000000000001
2021-12-25 19:00:00,0.2167821024714954,-0.9659258262890684,0.2588190451025203,-0.8660254037844386,0.5000000000000001
2021-12-25 20:00:00,0.2134491512357477,-0.8660254037844386,0.5000000000000001,-0.8660254037844386,0.5000000000000001
2021-12-25 21:00:00,0.2112236006178738,-0.7071067811865477,0.7071067811865474,-0.8660254037844386,0.5000000000000001
2021-12-25 22:00:00,0.2100062503089369,-0.5000000000000004,0.8660254037844384,-0.8660254037844386,0.5000000000000001
2021-12-25 23:00:00,0.2241529918211351,-0.25881904510252157,0.9659258262890681,-0.8660254037844386,0.5000000000000001
2021-12-26 00:00:00,0.2497552209105675,0.0,1.0,-0.743144825477394,0.6691306063588585
2021-12-26 01:00:00,0.3447866437886171,0.25881904510252074,0.9659258262890683,-0.743144825477394,0.6691306063588585
2021-12-26 02:00:00,0.6668965385609753,0.49999999999999994,0.8660254037844387,-0.743144825477394,0.6691306063588585
2021-12-26 03:00:00,0.6667799609471543,0.7071067811865476,0.7071067811865476,-0.743144825477394,0.6691306063588585
2021-12-26 04:00:00,0.4904968304735772,0.8660254037844386,0.5000000000000001,-0.743144825477394,0.6691306063588585
2021-12-26 05:00:00,0.3737276235701219,0.9659258262890683,0.25881904510252074,-0.743144825477394,0.6691306063588585
2021-12-26 06:00:00,0.3035407951183942,1.0,6.123233995736766e-17,-0.743144825477394,0.6691306063588585
2021-12-26 07:00:00,0.2626855392258638,0.9659258262890683,-0.25881904510252063,-0.743144825477394,0.6691306063588585
2021-12-26 08:00:00,0.2423876112795985,0.8660254037844387,-0.4999999999999998,-0.743144825477394,0.6691306063588585
2021-12-26 09:00:00,0.2320506973064659,0.7071067811865476,-0.7071067811865475,-0.743144825477394,0.6691306063588585
2021-12-26 10:00:00,0.2267022236532329,0.49999999999999994,-0.8660254037844387,-0.743144825477394,0.6691306063588585
2021-12-26 11:00:00,0.2432314534932831,0.258819045102521,-0.9659258262890682,-0.743144825477394,0.6691306063588585
2021-12-26 12:00:00,0.3018605600799749,1.2246467991473532e-16,-1.0,-0.743144825477394,0.6691306063588585
2021-12-26 13:00:00,0.3219957217066541,-0.2588190451025208,-0.9659258262890683,-0.743144825477394,0.6691306063588585
2021-12-26 14:00:00,0.3215595525199937,-0.4999999999999997,-0.8660254037844388,-0.743144825477394,0.6691306063588585
2021-12-26 15:00:00,0.3040065512599968,-0.7071067811865471,-0.7071067811865479,-0.743144825477394,0.6691306063588585
2021-12-26 16:00:00,0.2928717506299984,-0.8660254037844385,-0.5000000000000004,-0.743144825477394,0.6691306063588585
2021-12-26 17:00:00,0.3412951753149992,-0.9659258262890683,-0.25881904510252063,-0.743144825477394,0.6691306063588585
2021-12-26 18:00:00,0.5367727293241663,-1.0,-1.8369701987210297e-16,-0.743144825477394,0.6691306063588585
2021-12-26 19:00:00,0.7269055313287498,-0.9659258262890684,0.2588190451025203,-0.743144825477394,0.6691306063588585
2021-12-26 20:00:00,0.8379075573310416,-0.8660254037844386,0.5000000000000001,-0.743144825477394,0.6691306063588585
2021-12-26 21:00:00,0.7504560703321874,-0.7071067811865477,0.7071067811865474,-0.743144825477394,0.6691306063588585
2021-12-26 22:00:00,0.5529988351660937,-0.5000000000000004,0.8660254037844384,-0.743144825477394,0.6691306063588585
2021-12-26 23:00:00,0.3958327759163801,-0.25881904510252157,0.9659258262890681,-0.743144825477394,0.6691306063588585
2021-12-27 00:00:00,0.2993614712915233,0.0,1.0,-0.5877852522924734,0.8090169943749473
2021-12-27 01:00:00,0.2436476856457616,0.25881904510252074,0.9659258262890683,-0.5877852522924734,0.8090169943749473
2021-12-27 02:00:00,0.2126995928228807,0.49999999999999994,0.8660254037844387,-0.5877852522924734,0.8090169943749473
2021-12-27 03:00:00,0.2534220547447737,0.7071067811865476,0.7071067811865476,-0.5877852522924734,0.8090169943749473
2021-12-27 04:00:00,0.4635300857057202,0.8660254037844386,0.5000000000000001,-0.5877852522924734,0.8090169943749473
2021-12-27 05:00:00,0.5596890928528602,0.9659258262890683,0.25881904510252074,-0.5877852522924734,0.8090169943749473
2021-12-27 06:00:00,0.4419578464264301,1.0,6.123233995736766e-17,-0.5877852522924734,0.8090169943749473
2021-12-27 07:00:00,0.3327656565465483,0.9659258262890683,-0.25881904510252063,-0.5877852522924734,0.8090169943749473
2021-12-27 08:00:00,0.2673597366066074,0.8660254037844387,-0.4999999999999998,-0.5877852522924734,0.8090169943749473
2021-12-27 09:00:00,0.2293697433033037,0.7071067811865476,-0.7071067811865475,-0.5877852522924734,0.8090169943749473
2021-12-27 10:00:00,0.2082831383183185,0.49999999999999994,-0.8660254037844387,-0.5877852522924734,0.8090169943749473
2021-12-27 11:00:00,0.2298163024924926,0.258819045102521,-0.9659258262890682,-0.5877852522924734,0.8090169943749473
2021-12-27 12:00:00,0.4011500262462463,1.2246467991473532e-16,-1.0,-0.5877852522924734,0.8090169943749473
2021-12-27 13:00:00,0.6583440881231232,-0.2588190451025208,-0.9659258262890683,-0.5877852522924734,0.8090169943749473
2021-12-27 14:00:00,0.811480452394895,-0.4999999999999997,-0.8660254037844388,-0.5877852522924734,0.8090169943749473
2021-12-27 15:00:00,0.7788448845307808,-0.7071067811865471,-0.7071067811865479,-0.5877852522924734,0.8090169943749473
2021-12-27 16:00:00,0.6451987255987237,-0.8660254037844385,-0.5000000000000004,-0.5877852522924734,0.8090169943749473
2021-12-27 17:00:00,0.5828018377993618,-0.9659258262890683,-0.25881904510252063,-0.5877852522924734,0.8090169943749473
2021-12-27 18:00:00,0.6519436772330143,-1.0,-1.8369701987210297e-16,-0.5877852522924734,0.8090169943749473
2021-12-27 19:00:00,0.7580313552831738,-0.9659258262890684,0.2588190451025203,-0.5877852522924734,0.8090169943749473
2021-12-27 20:00:00,0.7906569026415868,-0.8660254037844386,0.5000000000000001,-0.5877852522924734,0.8090169943749473
2021-12-27 21:00:00,0.6799456763207934,-0.7071067811865477,0.7071067811865474,-0.5877852522924734,0.8090169943749473
2021-12-27 22:00:00,0.5205577464937301,-0.5000000000000004,0.8660254037844384,-0.5877852522924734,0.8090169943749473
2021-12-27 23:00:00,0.370969473246865,-0.25881904510252157,0.9659258262890681,-0.5877852522924734,0.8090169943749473
2021-12-28 00:00:00,0.2796532532900991,0.0,1.0,-0.40673664307580015,0.913545457642601
2021-12-28 01:00:00,0.2270024683117162,0.25881904510252074,0.9659258262890683,-0.40673664307580015,0.913545457642601
2021-12-28 02:00:00,0.1989851508225247,0.49999999999999994,0.8660254037844387,-0.40673664307580015,0.913545457642601
2021-12-28 03:00:00,0.184266942077929,0.7071067811865476,0.7071067811865476,-0.40673664307580015,0.913545457642601
2021-12-28 04:00:00,0.1767156793722978,0.8660254037844386,0.5000000000000001,-0.40673664307580015,0.913545457642601
2021-12-28 05:00:00,0.1725685980194822,0.9659258262890683,0.25881904510252074,-0.40673664307580015,0.913545457642601
2021-12-28 06:00:00,0.1697104073430744,1.0,6.123233995736766e-17,-0.40673664307580015,0.913545457642601
2021-12-28 07:00:00,0.1680814870048705,0.9659258262890683,-0.25881904510252063,-0.40673664307580015,0.913545457642601
2021-12-28 08:00:00,0.1681108435024352,0.8660254037844387,-0.4999999999999998,-0.40673664307580015,0.913545457642601
2021-12-28 09:00:00,0.1739254800845509,0.7071067811865476,-0.7071067811865475,-0.40673664307580015,0.913545457642601
2021-12-28 10:00:00,0.2689554650422754,0.49999999999999994,-0.8660254037844387,-0.40673664307580015,0.913545457642601
2021-12-28 11:00:00,0.7274129741878043,0.258819045102521,-0.9659258262890682,-0.40673664307580015,0.913545457642601
2021-12-28 12:00:00,1.2205427370939022,1.2246467991473532e-16,-1.0,-0.40673664307580015,0.913545457642601
2021-12-28 13:00:00,1.7610306185469509,-0.2588190451025208,-0.9659258262890683,-0.40673664307580015,0.913545457642601
2021-12-28 14:00:00,2.254289392606809,-0.4999999999999997,-0.8660254037844388,-0.40673664307580015,0.913545457642601
2021-12-28 15:00:00,2.414653279636738,-0.7071067811865471,-0.7071067811865479,-0.40673664307580015,0.913545457642601
2021-12-28 16:00:00,2.086426056485036,-0.8660254037844385,-0.5000000000000004,-0.40673664307580015,0.913545457642601
2021-12-28 17:00:00,1.4636576282425178,-0.9659258262890683,-0.25881904510252063,-0.40673664307580015,0.913545457642601
2021-12-28 18:00:00,0.9088467891212588,-1.0,-1.8369701987210297e-16,-0.40673664307580015,0.913545457642601
2021-12-28 19:00:00,0.5858645778939627,-0.9659258262890684,0.2588190451025203,-0.40673664307580015,0.913545457642601
2021-12-28 20:00:00,0.4127996972803147,-0.8660254037844386,0.5000000000000001,-0.40673664307580015,0.913545457642601
2021-12-28 21:00:00,0.314957715306824,-0.7071067811865477,0.7071067811865474,-0.40673664307580015,0.913545457642601
2021-12-28 22:00:00,0.268854907653412,-0.5000000000000004,0.8660254037844384,-0.40673664307580015,0.913545457642601
2021-12-28 23:00:00,0.2618160121600393,-0.25881904510252157,0.9659258262890681,-0.40673664307580015,0.913545457642601
2021-12-29 00:00:00,0.3523418977466863,0.0,1.0,-0.20791169081775898,0.9781476007338057
2021-12-29 01:00:00,0.5618730738733432,0.25881904510252074,0.9659258262890683,-0.20791169081775898,0.9781476007338057
2021-12-29 02:00:00,0.6874271869366716,0.49999999999999994,0.8660254037844387,-0.20791169081775898,0.9781476007338057
2021-12-29 03:00:00,0.805706701801669,0.7071067811865476,0.7071067811865476,-0.20791169081775898,0.9781476007338057
2021-12-29 04:00:00,0.7888911259008345,0.8660254037844386,0.5000000000000001,-0.20791169081775898,0.9781476007338057
2021-12-29 05:00:00,0.5930609129504173,0.9659258262890683,0.25881904510252074,-0.20791169081775898,0.9781476007338057
2021-12-29 06:00:00,0.4261994314752086,1.0,6.123233995736766e-17,-0.20791169081775898,0.9781476007338057
2021-12-29 07:00:00,0.3279093407376043,0.9659258262890683,-0.25881904510252063,-0.20791169081775898,0.9781476007338057
2021-12-29 08:00:00,0.2718407370354688,0.8660254037844387,-0.4999999999999998,-0.20791169081775898,0.9781476007338057
2021-12-29 09:00:00,0.2421532185177344,0.7071067811865476,-0.7071067811865475,-0.20791169081775898,0.9781476007338057
2021-12-29 10:00:00,0.2375820092588672,0.49999999999999994,-0.8660254037844387,-0.20791169081775898,0.9781476007338057
2021-12-29 11:00:00,0.2810565879627669,0.258819045102521,-0.9659258262890682,-0.20791169081775898,0.9781476007338057
2021-12-29 12:00:00,0.3647752439813834,1.2246467991473532e-16,-1.0,-0.20791169081775898,0.9781476007338057
2021-12-29 13:00:00,0.4350437303240251,-0.2588190451025208,-0.9659258262890683,-0.20791169081775898,0.9781476007338057
2021-12-29 14:00:00,0.5318395318286793,-0.4999999999999997,-0.8660254037844388,-0.20791169081775898,0.9781476007338057
2021-12-29 15:00:00,0.6125916075810063,-0.7071067811865471,-0.7071067811865479,-0.20791169081775898,0.9781476007338057
2021-12-29 16:00:00,0.5781429871238365,-0.8660254037844385,-0.5000000000000004,-0.20791169081775898,0.9781476007338057
2021-12-29 17:00:00,0.5061105435619182,-0.9659258262890683,-0.25881904510252063,-0.20791169081775898,0.9781476007338057
2021-12-29 18:00:00,0.5578257217809591,-1.0,-1.8369701987210297e-16,-0.20791169081775898,0.9781476007338057
2021-12-29 19:00:00,0.5715612108904795,-0.9659258262890684,0.2588190451025203,-0.20791169081775898,0.9781476007338057
2021-12-29 20:00:00,0.5072614637785731,-0.8660254037844386,0.5000000000000001,-0.20791169081775898,0.9781476007338057
2021-12-29 21:00:00,0.4007397318892865,-0.7071067811865477,0.7071067811865474,-0.20791169081775898,0.9781476007338057
2021-12-29 22:00:00,0.3201643242779766,-0.5000000000000004,0.8660254037844384,-0.20791169081775898,0.9781476007338057
2021-12-29 23:00:00,0.2690083538056549,-0.25881904510252157,0.9659258262890681,-0.20791169081775898,0.9781476007338057
2021-12-30 00:00:00,0.2394424519028274,0.0,1.0,-1.133107779529596e-15,1.0
2021-12-30 01:00:00,0.2267331009514137,0.25881904510252074,0.9659258262890683,-1.133107779529596e-15,1.0
2021-12-30 02:00:00,0.2333308838090401,0.49999999999999994,0.8660254037844387,-1.133107779529596e-15,1.0
2021-12-30 03:00:00,0.2508710669045201,0.7071067811865476,0.7071067811865476,-1.133107779529596e-15,1.0
2021-12-30 04:00:00,0.2408122251189267,0.8660254037844386,0.5000000000000001,-1.133107779529596e-15,1.0
2021-12-30 05:00:00,0.2373831875594633,0.9659258262890683,0.25881904510252074,-1.133107779529596e-15,1.0
2021-12-30 06:00:00,0.2260005854463983,1.0,6.123233995736766e-17,-1.133107779529596e-15,1.0
2021-12-30 07:00:00,0.2201908010565324,0.9659258262890683,-0.25881904510252063,-1.133107779529596e-15,1.0
2021-12-30 08:00:00,0.2182319671949328,0.8660254037844387,-0.4999999999999998,-1.133107779529596e-15,1.0
2021-12-30 09:00:00,0.2183692169307997,0.7071067811865476,-0.7071067811865475,-1.133107779529596e-15,1.0
2021-12-30 10:00:00,0.2187638501320665,0.49999999999999994,-0.8660254037844387,-1.133107779529596e-15,1.0
2021-12-30 11:00:00,0.2461787417326999,0.258819045102521,-0.9659258262890682,-1.133107779529596e-15,1.0
2021-12-30 12:00:00,0.2922488958663499,1.2246467991473532e-16,-1.0,-1.133107779529596e-15,1.0
2021-12-30 13:00:00,0.2959034312665083,-0.2588190451025208,-0.9659258262890683,-1.133107779529596e-15,1.0
2021-12-30 14:00:00,0.2791719822999208,-0.4999999999999997,-0.8660254037844388,-1.133107779529596e-15,1.0
2021-12-30 15:00:00,0.2616444244832937,-0.7071067811865471,-0.7071067811865479,-1.133107779529596e-15,1.0
2021-12-30 16:00:00,0.2485198039083135,-0.8660254037844385,-0.5000000000000004,-1.133107779529596e-15,1.0
2021-12-30 17:00:00,0.23843146028749,-0.9659258262890683,-0.25881904510252063,-1.133107779529596e-15,1.0
2021-12-30 18:00:00,0.2316873218104116,-1.0,-1.8369701987210297e-16,-1.133107779529596e-15,1.0
2021-12-30 19:00:00,0.2313828859052058,-0.9659258262890684,0.2588190451025203,-1.133107779529596e-15,1.0
2021-12-30 20:00:00,0.2373880179526029,-0.8660254037844386,0.5000000000000001,-1.133107779529596e-15,1.0
2021-12-30 21:00:00,0.2440735839763014,-0.7071067811865477,0.7071067811865474,-1.133107779529596e-15,1.0
2021-12-30 22:00:00,0.2491805836548173,-0.5000000000000004,0.8660254037844384,-1.133107779529596e-15,1.0
2021-12-30 23:00:00,0.2388449668274087,-0.25881904510252157,0.9659258262890681,-1.133107779529596e-15,1.0
2021-12-31 00:00:00,0.230887300080371,0.0,1.0,0.2079116908177585,0.9781476007338058
2021-12-31 01:00:00,0.2267533417068521,0.25881904510252074,0.9659258262890683,0.2079116908177585,0.9781476007338058
2021-12-31 02:00:00,0.2257090541867593,0.49999999999999994,0.8660254037844387,0.2079116908177585,0.9781476007338058
2021-12-31 03:00:00,0.2269883270933796,0.7071067811865476,0.7071067811865476,0.2079116908177585,0.9781476007338058
2021-12-31 04:00:00,0.2295641468800231,0.8660254037844386,0.5000000000000001,0.2079116908177585,0.9781476007338058
2021-12-31 05:00:00,0.2328333234400115,0.9659258262890683,0.25881904510252074,0.2079116908177585,0.9781476007338058
2021-12-31 06:00:00,0.2343879450533391,1.0,6.123233995736766e-17,0.2079116908177585,0.9781476007338058
2021-12-31 07:00:00,0.2365988808600028,0.9659258262890683,-0.25881904510252063,0.2079116908177585,0.9781476007338058
2021-12-31 08:00:00,0.2384422904300014,0.8660254037844387,-0.4999999999999998,0.2079116908177585,0.9781476007338058
2021-12-31 09:00:00,0.240920653548334,0.7071067811865476,-0.7071067811865475,0.2079116908177585,0.9781476007338058
2021-12-31 10:00:00,0.2787890601075003,0.49999999999999994,-0.8660254037844387,0.2079116908177585,0.9781476007338058
2021-12-31 11:00:00,0.6294518800537502,0.258819045102521,-0.9659258262890682,0.2079116908177585,0.9781476007338058
2021-12-31 12:00:00,1.2535487733602082,1.2246467991473532e-16,-1.0,0.2079116908177585,0.9781476007338058
2021-12-31 13:00:00,1.8373179700134372,-0.2588190451025208,-0.9659258262890683,0.2079116908177585,0.9781476007338058
2021-12-31 14:00:00,2.1976652350067187,-0.4999999999999997,-0.8660254037844388,0.2079116908177585,0.9781476007338058
2021-12-31 15:00:00,2.1604689508366928,-0.7071067811865471,-0.7071067811865479,0.2079116908177585,0.9781476007338058
2021-12-31 16:00:00,1.8034547254183464,-0.8660254037844385,-0.5000000000000004,0.2079116908177585,0.9781476007338058
2021-12-31 17:00:00,1.3198154960425066,-0.9659258262890683,-0.25881904510252063,0.2079116908177585,0.9781476007338058
2021-12-31 18:00:00,0.92122638968792,-1.0,-1.8369701987210297e-16,0.2079116908177585,0.9781476007338058
2021-12-31 19:00:00,0.6810454031772933,-0.9659258262890684,0.2588190451025203,0.2079116908177585,0.9781476007338058
2021-12-31 20:00:00,0.5534246432553134,-0.8660254037844386,0.5000000000000001,0.2079116908177585,0.9781476007338058
2021-12-31 21:00:00,0.4853691716276567,-0.7071067811865477,0.7071067811865474,0.2079116908177585,0.9781476007338058
2021-12-31 22:00:00,0.4364745108138284,-0.5000000000000004,0.8660254037844384,0.2079116908177585,0.9781476007338058
2021-12-31 23:00:00,0.4051722637402475,-0.25881904510252157,0.9659258262890681,0.2079116908177585,0.9781476007338058
2022-01-01 00:00:00,0.3861966818701238,0.0,1.0,0.20791169081775931,0.9781476007338057
2022-01-01 01:00:00,0.3753742909350619,0.25881904510252074,0.9659258262890683,0.20791169081775931,0.9781476007338057
2022-01-01 02:00:00,0.3698688621341977,0.49999999999999994,0.8660254037844387,0.20791169081775931,0.9781476007338057
2022-01-01 03:00:00,0.3680197144004322,0.7071067811865476,0.7071067811865476,0.20791169081775931,0.9781476007338057
2022-01-01 04:00:00,0.3669654655335493,0.8660254037844386,0.5000000000000001,0.20791169081775931,0.9781476007338057
2022-01-01 05:00:00,0.4018331077667746,0.9659258262890683,0.25881904510252074,0.20791169081775931,0.9781476007338057
2022-01-01 06:00:00,0.4143606622167206,1.0,6.123233995736766e-17,0.20791169081775931,0.9781476007338057
2022-01-01 07:00:00,0.4107996727750269,0.9659258262890683,-0.25881904510252063,0.20791169081775931,0.9781476007338057
2022-01-01 08:00:00,0.4058732530541801,0.8660254037844387,-0.4999999999999998,0.20791169081775931,0.9781476007338057
2022-01-01 09:00:00,0.40266887652709,0.7071067811865476,-0.7071067811865475,0.20791169081775931,0.9781476007338057
2022-01-01 10:00:00,0.3984634715968783,0.49999999999999994,-0.8660254037844387,0.20791169081775931,0.9781476007338057
2022-01-01 11:00:00,0.4126813691317725,0.258819045102521,-0.9659258262890682,0.20791169081775931,0.9781476007338057
2022-01-01 12:00:00,0.4691414012325529,1.2246467991473532e-16,-1.0,0.20791169081775931,0.9781476007338057
2022-01-01 13:00:00,0.4908979506162765,-0.2588190451025208,-0.9659258262890683,0.20791169081775931,0.9781476007338057
2022-01-01 14:00:00,0.5885950586414715,-0.4999999999999997,-0.8660254037844388,0.20791169081775931,0.9781476007338057
2022-01-01 15:00:00,0.7450249793207357,-0.7071067811865471,-0.7071067811865479,0.20791169081775931,0.9781476007338057
2022-01-01 16:00:00,0.7931263646603679,-0.8660254037844385,-0.5000000000000004,0.20791169081775931,0.9781476007338057
2022-01-01 17:00:00,0.7209352906635174,-0.9659258262890683,-0.25881904510252063,0.20791169081775931,0.9781476007338057
2022-01-01 18:00:00,0.639104928665092,-1.0,-1.8369701987210297e-16,0.20791169081775931,0.9781476007338057
2022-01-01 19:00:00,0.5688807476658794,-0.9659258262890684,0.2588190451025203,0.20791169081775931,0.9781476007338057
2022-01-01 20:00:00,0.5181833738329397,-0.8660254037844386,0.5000000000000001,0.20791169081775931,0.9781476007338057
2022-01-01 21:00:00,0.4845888202498032,-0.7071067811865477,0.7071067811865474,0.20791169081775931,0.9781476007338057
2022-01-01 22:00:00,0.4685728851249016,-0.5000000000000004,0.8660254037844384,0.20791169081775931,0.9781476007338057
2022-01-01 23:00:00,0.4587505425624508,-0.25881904510252157,0.9659258262890681,0.20791169081775931,0.9781476007338057
2022-01-02 00:00:00,0.478283862947892,0.0,1.0,0.40673664307580015,0.9135454576426009
2022-01-02 01:00:00,0.5630962231406127,0.25881904510252074,0.9659258262890683,0.40673664307580015,0.9135454576426009
2022-01-02 02:00:00,0.7838643615703064,0.49999999999999994,0.8660254037844387,0.40673664307580015,0.9135454576426009
2022-01-02 03:00:00,0.98772309745182,0.7071067811865476,0.7071067811865476,0.40673664307580015,0.9135454576426009
2022-01-02 04:00:00,0.8887780403925767,0.8660254037844386,0.5000000000000001,0.40673664307580015,0.9135454576426009
2022-01-02 05:00:00,0.6850807535296216,0.9659258262890683,0.25881904510252074,0.40673664307580015,0.9135454576426009
2022-01-02 06:00:00,0.5553180017648108,1.0,6.123233995736766e-17,0.40673664307580015,0.9135454576426009
2022-01-02 07:00:00,0.4758540342157388,0.9659258262890683,-0.25881904510252063,0.40673664307580015,0.9135454576426009
2022-01-02 08:00:00,0.4313249504412026,0.8660254037844387,-0.4999999999999998,0.40673664307580015,0.9135454576426009
2022-01-02 09:00:00,0.406472491887268,0.7071067811865476,-0.7071067811865475,0.40673664307580015,0.9135454576426009
2022-01-02 10:00:00,0.3936085376103006,0.49999999999999994,-0.8660254037844387,0.40673664307580015,0.9135454576426009
2022-01-02 11:00:00,0.4437722021384836,0.258819045102521,-0.9659258262890682,0.40673664307580015,0.9135454576426009
2022-01-02 12:00:00,0.6646161677359085,1.2246467991473532e-16,-1.0,0.40673664307580015,0.9135454576426009
2022-01-02 13:00:00,0.9104975838679544,-0.2588190451025208,-0.9659258262890683,0.40673664307580015,0.9135454576426009
2022-01-02 14:00:00,1.0791436252673106,-0.4999999999999997,-0.8660254037844388,0.40673664307580015,0.9135454576426009
2022-01-02 15:00:00,1.233333729300322,-0.7071067811865471,-0.7071067811865479,0.40673664307580015,0.9135454576426009
2022-01-02 16:00:00,1.459033364650161,-0.8660254037844385,-0.5000000000000004,0.40673664307580015,0.9135454576426009
2022-01-02 17:00:00,1.5393204323250806,-0.9659258262890683,-0.25881904510252063,0.40673664307580015,0.9135454576426009
2022-01-02 18:00:00,1.3055080661625404,-1.0,-1.8369701987210297e-16,0.40673664307580015,0.9135454576426009
2022-01-02 19:00:00,1.1156385247479368,-0.9659258262890684,0.2588190451025203,0.40673664307580015,0.9135454576426009
2022-01-02 20:00:00,1.3075297623739683,-0.8660254037844386,0.5000000000000001,0.40673664307580015,0.9135454576426009
2022-01-02 21:00:00,1.8893504645203176,-0.7071067811865477,0.7071067811865474,0.40673664307580015,0.9135454576426009
2022-01-02 22:00:00,1.981321815593492,-0.5000000000000004,0.8660254037844384,0.40673664307580015,0.9135454576426009
2022-01-02 23:00:00,1.558502332796746,-0.25881904510252157,0.9659258262890681,0.40673664307580015,0.9135454576426009
2022-01-03 00:00:00,1.0726290747317062,0.0,1.0,0.5877852522924731,0.8090169943749475
2022-01-03 01:00:00,0.7632346956991864,0.25881904510252074,0.9659258262890683,0.5877852522924731,0.8090169943749475
2022-01-03 02:00:00,0.5892311061829265,0.49999999999999994,0.8660254037844387,0.5877852522924731,0.8090169943749475
2022-01-03 03:00:00,0.4924515280914632,0.7071067811865476,0.7071067811865476,0.5877852522924731,0.8090169943749475
2022-01-03 04:00:00,0.4673050890457316,0.8660254037844386,0.5000000000000001,0.5877852522924731,0.8090169943749475
2022-01-03 05:00:00,0.4402461778561991,0.9659258262890683,0.25881904510252074,0.5877852522924731,0.8090169943749475
2022-01-03 06:00:00,0.4145824305947662,1.0,6.123233995736766e-17,0.5877852522924731,0.8090169943749475
2022-01-03 07:00:00,0.3967278819640497,0.9659258262890683,-0.25881904510252063,0.5877852522924731,0.8090169943749475
2022-01-03 08:00:00,0.3904362743153582,0.8660254037844387,-0.4999999999999998,0.5877852522924731,0.8090169943749475
2022-01-03 09:00:00,0.3962752121576791,0.7071067811865476,-0.7071067811865475,0.5877852522924731,0.8090169943749475
2022-01-03 10:00:00,0.6525118477455063,0.49999999999999994,-0.8660254037844387,0.5877852522924731,0.8090169943749475
2022-01-03 11:00:00,1.3842651738727532,0.258819045102521,-0.9659258262890682,0.5877852522924731,0.8090169943749475
2022-01-03 12:00:00,2.149895003603043,1.2246467991473532e-16,-1.0,0.5877852522924731,0.8090169943749475
2022-01-03 13:00:00,2.700652585134855,-0.2588190451025208,-0.9659258262890683,0.5877852522924731,0.8090169943749475
2022-01-03 14:00:00,2.948964959234094,-0.4999999999999997,-0.8660254037844388,0.5877852522924731,0.8090169943749475
2022-01-03 15:00:00,2.8629820629503806,-0.7071067811865471,-0.7071067811865479,0.5877852522924731,0.8090169943749475
2022-01-03 16:00:00,2.564526448141857,-0.8660254037844385,-0.5000000000000004,0.5877852522924731,0.8090169943749475
2022-01-03 17:00:00,2.2492752240709284,-0.9659258262890683,-0.25881904510252063,0.5877852522924731,0.8090169943749475
2022-01-03 18:00:00,2.0706036120354643,-1.0,-1.8369701987210297e-16,0.5877852522924731,0.8090169943749475
2022-01-03 19:00:00,2.017534639351066,-0.9659258262890684,0.2588190451025203,0.5877852522924731,0.8090169943749475
2022-01-03 20:00:00,2.157199736342199,-0.8660254037844386,0.5000000000000001,0.5877852522924731,0.8090169943749475
2022-01-03 21:00:00,2.238814034837766,-0.7071067811865477,0.7071067811865474,0.5877852522924731,0.8090169943749475
2022-01-03 22:00:00,1.973230350752216,-0.5000000000000004,0.8660254037844384,0.5877852522924731,0.8090169943749475
2022-01-03 23:00:00,1.5232335337094414,-0.25881904510252157,0.9659258262890681,0.5877852522924731,0.8090169943749475
2022-01-04 00:00:00,1.0703382335213871,0.0,1.0,0.7431448254773941,0.6691306063588582
2022-01-04 01:00:00,0.766453600094027,0.25881904510252074,0.9659258262890683,0.7431448254773941,0.6691306063588582
2022-01-04 02:00:00,0.5903512583803469,0.49999999999999994,0.8660254037844387,0.7431448254773941,0.6691306063588582
2022-01-04 03:00:00,0.4902297541901734,0.7071067811865476,0.7071067811865476,0.7431448254773941,0.6691306063588582
2022-01-04 04:00:00,0.43775846042842,0.8660254037844386,0.5000000000000001,0.7431448254773941,0.6691306063588582
2022-01-04 05:00:00,0.4087007885475433,0.9659258262890683,0.25881904510252074,0.7431448254773941,0.6691306063588582
2022-01-04 06:00:00,0.3925853109404383,1.0,6.123233995736766e-17,0.7431448254773941,0.6691306063588582
2022-01-04 07:00:00,0.3844351971368858,0.9659258262890683,-0.25881904510252063,0.7431448254773941,0.6691306063588582
2022-01-04 08:00:00,0.3838318819017762,0.8660254037844387,-0.4999999999999998,0.7431448254773941,0.6691306063588582
2022-01-04 09:00:00,0.397262415950888,0.7071067811865476,-0.7071067811865475,0.7431448254773941,0.6691306063588582
2022-01-04 10:00:00,0.7023349496421107,0.49999999999999994,-0.8660254037844387,0.7431448254773941,0.6691306063588582
2022-01-04 11:00:00,1.6166454748210557,0.258819045102521,-0.9659258262890682,0.7431448254773941,0.6691306063588582
2022-01-04 12:00:00,2.8916838207438613,1.2246467991473532e-16,-1.0,0.7431448254773941,0.6691306063588582
2022-01-04 13:00:00,4.189648327038597,-0.2588190451025208,-0.9659258262890683,0.7431448254773941,0.6691306063588582
2022-01-04 14:00:00,5.2507579135192985,-0.4999999999999997,-0.8660254037844388,0.7431448254773941,0.6691306063588582
2022-01-04 15:00:00,5.477962540092983,-0.7071067811865471,-0.7071067811865479,0.7431448254773941,0.6691306063588582
2022-01-04 16:00:00,4.719706020046491,-0.8660254037844385,-0.5000000000000004,0.7431448254773941,0.6691306063588582
2022-01-04 17:00:00,3.687812176689912,-0.9659258262890683,-0.25881904510252063,0.7431448254773941,0.6691306063588582
2022-01-04 18:00:00,2.6905709216782894,-1.0,-1.8369701987210297e-16,0.7431448254773941,0.6691306063588582
2022-01-04 19:00:00,1.8915223108391448,-0.9659258262890684,0.2588190451025203,0.7431448254773941,0.6691306063588582
2022-01-04 20:00:00,1.4884051804195724,-0.8660254037844386,0.5000000000000001,0.7431448254773941,0.6691306063588582
2022-01-04 21:00:00,1.5952740902097862,-0.7071067811865477,0.7071067811865474,0.7431448254773941,0.6691306063588582
2022-01-04 22:00:00,1.408186470104893,-0.5000000000000004,0.8660254037844384,0.7431448254773941,0.6691306063588582
2022-01-04 23:00:00,1.0918452600524464,-0.25881904510252157,0.9659258262890681,0.7431448254773941,0.6691306063588582
2022-01-05 00:00:00,0.8844795883595565,0.0,1.0,0.8660254037844386,0.5000000000000001
2022-01-05 01:00:00,0.7500370775131115,0.25881904510252074,0.9659258262890683,0.8660254037844386,0.5000000000000001
2022-01-05 02:00:00,0.6532405970898891,0.49999999999999994,0.8660254037844387,0.8660254037844386,0.5000000000000001
2022-01-05 03:00:00,0.5871566152116112,0.7071067811865476,0.7071067811865476,0.8660254037844386,0.5000000000000001
2022-01-05 04:00:00,0.5121473159391389,0.8660254037844386,0.5000000000000001,0.8660254037844386,0.5000000000000001
2022-01-05 05:00:00,0.4521250163029028,0.9659258262890683,0.25881904510252074,0.8660254037844386,0.5000000000000001
2022-01-05 06:00:00,0.4118837831514513,1.0,6.123233995736766e-17,0.8660254037844386,0.5000000000000001
2022-01-05 07:00:00,0.386172299909059,0.9659258262890683,-0.25881904510252063,0.8660254037844386,0.5000000000000001
2022-01-05 08:00:00,0.3683013832878627,0.8660254037844387,-0.4999999999999998,0.8660254037844386,0.5000000000000001
2022-01-05 09:00:00,0.4188828666439314,0.7071067811865476,-0.7071067811865475,0.8660254037844386,0.5000000000000001
2022-01-05 10:00:00,0.8086019833219658,0.49999999999999994,-0.8660254037844387,0.8660254037844386,0.5000000000000001
2022-01-05 11:00:00,1.4583716583276494,0.258819045102521,-0.9659258262890682,0.8660254037844386,0.5000000000000001
2022-01-05 12:00:00,2.043455412497158,1.2246467991473532e-16,-1.0,0.8660254037844386,0.5000000000000001
2022-01-05 13:00:00,2.4745600395819123,-0.2588190451025208,-0.9659258262890683,0.8660254037844386,0.5000000000000001
2022-01-05 14:00:00,2.6611101031242894,-0.4999999999999997,-0.8660254037844388,0.8660254037844386,0.5000000000000001
2022-01-05 15:00:00,2.4729145515621447,-0.7071067811865471,-0.7071067811865479,0.8660254037844386,0.5000000000000001
2022-01-05 16:00:00,2.3080530257810725,-0.8660254037844385,-0.5000000000000004,0.8660254037844386,0.5000000000000001
2022-01-05 17:00:00,2.127641762890536,-0.9659258262890683,-0.25881904510252063,0.8660254037844386,0.5000000000000001
2022-01-05 18:00:00,1.8758814647786013,-1.0,-1.8369701987210297e-16,0.8660254037844386,0.5000000000000001
2022-01-05 19:00:00,1.6447167323893006,-0.9659258262890684,0.2588190451025203,0.8660254037844386,0.5000000000000001
2022-01-05 20:00:00,1.4853583661946503,-0.8660254037844386,0.5000000000000001,0.8660254037844386,0.5000000000000001
2022-01-05 21:00:00,1.290895383097325,-0.7071067811865477,0.7071067811865474,0.8660254037844386,0.5000000000000001
2022-01-05 22:00:00,1.0034034082153294,-0.5000000000000004,0.8660254037844384,0.8660254037844386,0.5000000000000001
2022-01-05 23:00:00,0.755815112440998,-0.25881904510252157,0.9659258262890681,0.8660254037844386,0.5000000000000001
2022-01-06 00:00:00,0.5998382395538323,0.0,1.0,0.9510565162951535,0.30901699437494745
2022-01-06 01:00:00,0.5743150364435827,0.25881904510252074,0.9659258262890683,0.9510565162951535,0.30901699437494745
2022-01-06 02:00:00,0.6396342265551247,0.49999999999999994,0.8660254037844387,0.9510565162951535,0.30901699437494745
2022-01-06 03:00:00,0.6702920716108958,0.7071067811865476,0.7071067811865476,0.9510565162951535,0.30901699437494745
2022-01-06 04:00:00,0.5894994691387812,0.8660254037844386,0.5000000000000001,0.9510565162951535,0.30901699437494745
2022-01-06 05:00:00,0.4914937179027239,0.9659258262890683,0.25881904510252074,0.9510565162951535,0.30901699437494745
2022-01-06 06:00:00,0.4263863422846952,1.0,6.123233995736766e-17,0.9510565162951535,0.30901699437494745
2022-01-06 07:00:00,0.3851667294756809,0.9659258262890683,-0.25881904510252063,0.9510565162951535,0.30901699437494745
2022-01-06 08:00:00,0.3621928397378404,0.8660254037844387,-0.4999999999999998,0.9510565162951535,0.30901699437494745
2022-01-06 09:00:00,0.4609243365355869,0.7071067811865476,-0.7071067811865475,0.9510565162951535,0.30901699437494745
2022-01-06 10:00:00,0.8156105432677935,0.49999999999999994,-0.8660254037844387,0.9510565162951535,0.30901699437494745
2022-01-06 11:00:00,1.3583242716338968,0.258819045102521,-0.9659258262890682,0.9510565162951535,0.30901699437494745
2022-01-06 12:00:00,1.859353802483615,1.2246467991473532e-16,-1.0,0.9510565162951535,0.30901699437494745
2022-01-06 13:00:00,2.0905589845751407,-0.2588190451025208,-0.9659258262890683,0.9510565162951535,0.30901699437494745
2022-01-06 14:00:00,1.9966620756209037,-0.4999999999999997,-0.8660254037844388,0.9510565162951535,0.30901699437494745
2022-01-06 15:00:00,1.6816545378104517,-0.7071067811865471,-0.7071067811865479,0.9510565162951535,0.30901699437494745
2022-01-06 16:00:00,1.2203698605718925,-0.8660254037844385,-0.5000000000000004,0.9510565162951535,0.30901699437494745
2022-01-06 17:00:00,0.8331494052859463,-0.9659258262890683,-0.25881904510252063,0.9510565162951535,0.30901699437494745
2022-01-06 18:00:00,0.6097401359763064,-1.0,-1.8369701987210297e-16,0.9510565162951535,0.30901699437494745
2022-01-06 19:00:00,0.4964309846548198,-0.9659258262890684,0.2588190451025203,0.9510565162951535,0.30901699437494745
2022-01-06 20:00:00,0.4289605506607432,-0.8660254037844386,0.5000000000000001,0.9510565162951535,0.30901699437494745
2022-01-06 21:00:00,0.3901609836637049,-0.7071067811865477,0.7071067811865474,0.9510565162951535,0.30901699437494745
2022-01-06 22:00:00,0.3688134668318524,-0.5000000000000004,0.8660254037844384,0.9510565162951535,0.30901699437494745
2022-01-06 23:00:00,0.3551079917492595,-0.25881904510252157,0.9659258262890681,0.9510565162951535,0.30901699437494745
2022-01-07 00:00:00,0.3461241042079631,0.0,1.0,0.9945218953682733,0.10452846326765346
2022-01-07 01:00:00,0.3425759937706482,0.25881904510252074,0.9659258262890683,0.9945218953682733,0.10452846326765346
2022-01-07 02:00:00,0.3514451302186574,0.49999999999999994,0.8660254037844387,0.9945218953682733,0.10452846326765346
2022-01-07 03:00:00,0.3672491317759954,0.7071067811865476,0.7071067811865476,0.9945218953682733,0.10452846326765346
2022-01-07 04:00:00,0.3621936408879976,0.8660254037844386,0.5000000000000001,0.9945218953682733,0.10452846326765346
2022-01-07 05:00:00,0.3511566954439988,0.9659258262890683,0.25881904510252074,0.9945218953682733,0.10452846326765346
2022-01-07 06:00:00,0.3410680310553327,1.0,6.123233995736766e-17,0.9945218953682733,0.10452846326765346
2022-01-07 07:00:00,0.3325183238609996,0.9659258262890683,-0.25881904510252063,0.9945218953682733,0.10452846326765346
2022-01-07 08:00:00,0.3262447202638331,0.8660254037844387,-0.4999999999999998,0.9945218953682733,0.10452846326765346
2022-01-07 09:00:00,0.3570620851319165,0.7071067811865476,-0.7071067811865475,0.9945218953682733,0.10452846326765346
2022-01-07 10:00:00,0.6196322342326249,0.49999999999999994,-0.8660254037844387,0.9945218953682733,0.10452846326765346
2022-01-07 11:00:00,1.1083061171163124,0.258819045102521,-0.9659258262890682,0.9945218953682733,0.10452846326765346
2022-01-07 12:00:00,1.7904498918914895,1.2246467991473532e-16,-1.0,0.9945218953682733,0.10452846326765346
2022-01-07 13:00:00,2.243661612612412,-0.2588190451025208,-0.9659258262890683,0.9945218953682733,0.10452846326765346
2022-01-07 14:00:00,2.285695389639539,-0.4999999999999997,-0.8660254037844388,0.9945218953682733,0.10452846326765346
2022-01-07 15:00:00,1.960692111486436,-0.7071067811865471,-0.7071067811865479,0.9945218953682733,0.10452846326765346
2022-01-07 16:00:00,1.4549201390765514,-0.8660254037844385,-0.5000000000000004,0.9945218953682733,0.10452846326765346
2022-01-07 17:00:00,1.0114301278716091,-0.9659258262890683,-0.25881904510252063,0.9945218953682733,0.10452846326765346
2022-01-07 18:00:00,0.7563344056024712,-1.0,-1.8369701987210297e-16,0.9945218953682733,0.10452846326765346
2022-01-07 19:00:00,0.7928824694679023,-0.9659258262890684,0.2588190451025203,0.9945218953682733,0.10452846326765346
2022-01-07 20:00:00,1.1885338180672844,-0.8660254037844386,0.5000000000000001,0.9945218953682733,0.10452846326765346
2022-01-07 21:00:00,1.6030967423669753,-0.7071067811865477,0.7071067811865474,0.9945218953682733,0.10452846326765346
2022-01-07 22:00:00,1.7928021211834877,-0.5000000000000004,0.8660254037844384,0.9945218953682733,0.10452846326765346
2022-01-07 23:00:00,1.6832328939250774,-0.25881904510252157,0.9659258262890681,0.9945218953682733,0.10452846326765346
2022-01-08 00:00:00,1.385607230295872,0.0,1.0,0.9945218953682734,-0.10452846326765333
2022-01-08 01:00:00,1.0932962484812694,0.25881904510252074,0.9659258262890683,0.9945218953682734,-0.10452846326765333
2022-01-08 02:00:00,0.8802921325739681,0.49999999999999994,0.8660254037844387,0.9945218953682734,-0.10452846326765333
2022-01-08 03:00:00,0.6741417579536507,0.7071067811865476,0.7071067811865476,0.9945218953682734,-0.10452846326765333
2022-01-08 04:00:00,0.5396227123101587,0.8660254037844386,0.5000000000000001,0.9945218953682734,-0.10452846326765333
2022-01-08 05:00:00,0.4518698144884127,0.9659258262890683,0.25881904510252074,0.9945218953682734,-0.10452846326765333
2022-01-08 06:00:00,0.3989265822442063,1.0,6.123233995736766e-17,0.9945218953682734,-0.10452846326765333
2022-01-08 07:00:00,0.3701759077887698,0.9659258262890683,-0.25881904510252063,0.9945218953682734,-0.10452846326765333
2022-01-08 08:00:00,0.3547977288943849,0.8660254037844387,-0.4999999999999998,0.9945218953682734,-0.10452846326765333
2022-01-08 09:00:00,0.3488091144471924,0.7071067811865476,-0.7071067811865475,0.9945218953682734,-0.10452846326765333
2022-01-08 10:00:00,0.4586476655569295,0.49999999999999994,-0.8660254037844387,0.9945218953682734,-0.10452846326765333
2022-01-08 11:00:00,1.038813416111798,0.258819045102521,-0.9659258262890682,0.9945218953682734,-0.10452846326765333
2022-01-08 12:00:00,1.8762738747225656,1.2246467991473532e-16,-1.0,0.9945218953682734,-0.10452846326765333
2022-01-08 13:00:00,2.7107881040279493,-0.2588190451025208,-0.9659258262890683,0.9945218953682734,-0.10452846326765333
2022-01-08 14:00:00,3.184996635347308,-0.4999999999999997,-0.8660254037844388,0.9945218953682734,-0.10452846326765333
2022-01-08 15:00:00,3.267921484340321,-0.7071067811865471,-0.7071067811865479,0.9945218953682734,-0.10452846326765333
2022-01-08 16:00:00,3.000855908836827,-0.8660254037844385,-0.5000000000000004,0.9945218953682734,-0.10452846326765333
2022-01-08 17:00:00,2.447934287751747,-0.9659258262890683,-0.25881904510252063,0.9945218953682734,-0.10452846326765333
2022-01-08 18:00:00,1.7872308688758736,-1.0,-1.8369701987210297e-16,0.9945218953682734,-0.10452846326765333
2022-01-08 19:00:00,1.2533920594379369,-0.9659258262890684,0.2588190451025203,0.9945218953682734,-0.10452846326765333
2022-01-08 20:00:00,0.967495421385635,-0.8660254037844386,0.5000000000000001,0.9945218953682734,-0.10452846326765333
2022-01-08 21:00:00,0.7634072190261508,-0.7071067811865477,0.7071067811865474,0.9945218953682734,-0.10452846326765333
2022-01-08 22:00:00,0.6148675345130754,-0.5000000000000004,0.8660254037844384,0.9945218953682734,-0.10452846326765333
2022-01-08 23:00:00,0.5133597922565377,-0.25881904510252157,0.9659258262890681,0.9945218953682734,-0.10452846326765333
2022-01-09 00:00:00,0.4444910461282688,0.0,1.0,0.9510565162951536,-0.30901699437494734
2022-01-09 01:00:00,0.406967239730801,0.25881904510252074,0.9659258262890683,0.9510565162951536,-0.30901699437494734
2022-01-09 02:00:00,0.3822315781987338,0.49999999999999994,0.8660254037844387,0.9510565162951536,-0.30901699437494734
2022-01-09 03:00:00,0.3556977974327002,0.7071067811865476,0.7071067811865476,0.9510565162951536,-0.30901699437494734
2022-01-09 04:00:00,0.3362993820496834,0.8660254037844386,0.5000000000000001,0.9510565162951536,-0.30901699437494734
2022-01-09 05:00:00,0.3240739076915083,0.9659258262890683,0.25881904510252074,0.9510565162951536,-0.30901699437494734
2022-01-09 06:00:00,0.3183895705124208,1.0,6.123233995736766e-17,0.9510565162951536,-0.30901699437494734
2022-01-09 07:00:00,0.3196567102562104,0.9659258262890683,-0.25881904510252063,0.9510565162951536,-0.30901699437494734
2022-01-09 08:00:00,0.3195003384614385,0.8660254037844387,-0.4999999999999998,0.9510565162951536,-0.30901699437494734
2022-01-09 09:00:00,0.3190417608973859,0.7071067811865476,-0.7071067811865475,0.9510565162951536,-0.30901699437494734
2022-01-09 10:00:00,0.3369827887820262,0.49999999999999994,-0.8660254037844387,0.9510565162951536,-0.30901699437494734
2022-01-09 11:00:00,0.5289411027243465,0.258819045102521,-0.9659258262890682,0.9510565162951536,-0.30901699437494734
2022-01-09 12:00:00,0.9306968846955064,1.2246467991473532e-16,-1.0,0.9510565162951536,-0.30901699437494734
2022-01-09 13:00:00,1.3895626090144195,-0.2588190451025208,-0.9659258262890683,0.9510565162951536,-0.30901699437494734
2022-01-09 14:00:00,1.7666957211738763,-0.4999999999999997,-0.8660254037844388,0.9510565162951536,-0.30901699437494734
2022-01-09 15:00:00,1.9764087772536048,-0.7071067811865471,-0.7071067811865479,0.9510565162951536,-0.30901699437494734
2022-01-09 16:00:00,1.910509805293469,-0.8660254037844385,-0.5000000000000004,0.9510565162951536,-0.30901699437494734
2022-01-09 17:00:00,1.621616485980068,-0.9659258262890683,-0.25881904510252063,0.9510565162951536,-0.30901699437494734
2022-01-09 18:00:00,1.260474117990034,-1.0,-1.8369701987210297e-16,0.9510565162951536,-0.30901699437494734
2022-01-09 19:00:00,0.9956767506616836,-0.9659258262890684,0.2588190451025203,0.9510565162951536,-0.30901699437494734
2022-01-09 20:00:00,0.8858298003308418,-0.8660254037844386,0.5000000000000001,0.9510565162951536,-0.30901699437494734
2022-01-09 21:00:00,0.7799797501654209,-0.7071067811865477,0.7071067811865474,0.9510565162951536,-0.30901699437494734
2022-01-09 22:00:00,0.6491958500827104,-0.5000000000000004,0.8660254037844384,0.9510565162951536,-0.30901699437494734
2022-01-09 23:00:00,0.5412130083746884,-0.25881904510252157,0.9659258262890681,0.9510565162951536,-0.30901699437494734
2022-01-10 00:00:00,0.4564306291873442,0.0,1.0,0.8660254037844387,-0.4999999999999998
2022-01-10 01:00:00,0.4133255729270054,0.25881904510252074,0.9659258262890683,0.8660254037844387,-0.4999999999999998
2022-01-10 02:00:00,0.435567069796836,0.49999999999999994,0.8660254037844387,0.8660254037844387,-0.4999999999999998
2022-01-10 03:00:00,0.4617068182317513,0.7071067811865476,0.7071067811865476,0.8660254037844387,-0.4999999999999998
2022-01-10 04:00:00,0.430808917449209,0.8660254037844386,0.5000000000000001,0.8660254037844387,-0.4999999999999998
2022-01-10 05:00:00,0.3789083837246045,0.9659258262890683,0.25881904510252074,0.8660254037844387,-0.4999999999999998
2022-01-10 06:00:00,0.3437512085289689,1.0,6.123233995736766e-17,0.8660254037844387,-0.4999999999999998
2022-01-10 07:00:00,0.3251635792644844,0.9659258262890683,-0.25881904510252063,0.8660254037844387,-0.4999999999999998
2022-01-10 08:00:00,0.3152547146322422,0.8660254037844387,-0.4999999999999998,0.8660254037844387,-0.4999999999999998
2022-01-10 09:00:00,0.3433123989827877,0.7071067811865476,-0.7071067811865475,0.8660254037844387,-0.4999999999999998
2022-01-10 10:00:00,0.6948150911580605,0.49999999999999994,-0.8660254037844387,0.8660254037844387,-0.4999999999999998
2022-01-10 11:00:00,1.1001765455790302,0.258819045102521,-0.9659258262890682,0.8660254037844387,-0.4999999999999998
2022-01-10 12:00:00,1.4444118561228485,1.2246467991473532e-16,-1.0,0.8660254037844387,-0.4999999999999998
2022-01-10 13:00:00,1.6239265947280908,-0.2588190451025208,-0.9659258262890683,0.8660254037844387,-0.4999999999999998
2022-01-10 14:00:00,1.4740719973640457,-0.4999999999999997,-0.8660254037844388,0.8660254037844387,-0.4999999999999998
2022-01-10 15:00:00,1.2534288986820228,-0.7071067811865471,-0.7071067811865479,0.8660254037844387,-0.4999999999999998
2022-01-10 16:00:00,0.9786086993410116,-0.8660254037844385,-0.5000000000000004,0.8660254037844387,-0.4999999999999998
2022-01-10 17:00:00,0.7706850163371723,-0.9659258262890683,-0.25881904510252063,0.8660254037844387,-0.4999999999999998
2022-01-10 18:00:00,0.7162369748352528,-1.0,-1.8369701987210297e-16,0.8660254037844387,-0.4999999999999998
2022-01-10 19:00:00,0.8531522707509598,-0.9659258262890684,0.2588190451025203,0.8660254037844387,-0.4999999999999998
2022-01-10 20:00:00,1.0729993020421464,-0.8660254037844386,0.5000000000000001,0.8660254037844387,-0.4999999999999998
2022-01-10 21:00:00,1.16601406768774,-0.7071067811865477,0.7071067811865474,0.8660254037844387,-0.4999999999999998
2022-01-10 22:00:00,1.01475740884387,-0.5000000000000004,0.8660254037844384,0.8660254037844387,-0.4999999999999998
2022-01-10 23:00:00,0.7717994877552683,-0.25881904510252157,0.9659258262890681,0.8660254037844387,-0.4999999999999998
2022-01-11 00:00:00,0.5750709855443008,0.0,1.0,0.7431448254773945,-0.6691306063588579
2022-01-11 01:00:00,0.452418909438817,0.25881904510252074,0.9659258262890683,0.7431448254773945,-0.6691306063588579
2022-01-11 02:00:00,0.3956512380527418,0.49999999999999994,0.8660254037844387,0.7431448254773945,-0.6691306063588579
2022-01-11 03:00:00,0.3570505523597043,0.7071067811865476,0.7071067811865476,0.7431448254773945,-0.6691306063588579
2022-01-11 04:00:00,0.3287779178465188,0.8660254037844386,0.5000000000000001,0.7431448254773945,-0.6691306063588579
2022-01-11 05:00:00,0.313806525589926,0.9659258262890683,0.25881904510252074,0.7431448254773945,-0.6691306063588579
2022-01-11 06:00:00,0.3058202961282963,1.0,6.123233995736766e-17,0.7431448254773945,-0.6691306063588579
2022-01-11 07:00:00,0.3042914647308148,0.9659258262890683,-0.25881904510252063,0.7431448254773945,-0.6691306063588579
2022-01-11 08:00:00,0.3056412906987407,0.8660254037844387,-0.4999999999999998,0.7431448254773945,-0.6691306063588579
2022-01-11 09:00:00,0.3545067536827037,0.7071067811865476,-0.7071067811865475,0.7431448254773945,-0.6691306063588579
2022-01-11 10:00:00,0.6410526185080185,0.49999999999999994,-0.8660254037844387,0.7431448254773945,-0.6691306063588579
2022-01-11 11:00:00,1.0756949759206758,0.258819045102521,-0.9659258262890682,0.7431448254773945,-0.6691306063588579
2022-01-11 12:00:00,1.503562321293671,1.2246467991473532e-16,-1.0,0.7431448254773945,-0.6691306063588579
2022-01-11 13:00:00,1.930093493980169,-0.2588190451025208,-0.9659258262890683,0.7431448254773945,-0.6691306063588579
2022-01-11 14:00:00,2.230920580323418,-0.4999999999999997,-0.8660254037844388,0.7431448254773945,-0.6691306063588579
2022-01-11 15:00:00,2.262389706828376,-0.7071067811865471,-0.7071067811865479,0.7431448254773945,-0.6691306063588579
2022-01-11 16:00:00,2.068583520080854,-0.8660254037844385,-0.5000000000000004,0.7431448254773945,-0.6691306063588579
2022-01-11 17:00:00,1.605352260040427,-0.9659258262890683,-0.25881904510252063,0.7431448254773945,-0.6691306063588579
2022-01-11 18:00:00,1.09516632168688,-1.0,-1.8369701987210297e-16,0.7431448254773945,-0.6691306063588579
2022-01-11 19:00:00,0.7724843941767734,-0.9659258262890684,0.2588190451025203,0.7431448254773945,-0.6691306063588579
2022-01-11 20:00:00,0.6343446970883867,-0.8660254037844386,0.5000000000000001,0.7431448254773945,-0.6691306063588579
2022-01-11 21:00:00,0.5860607568775267,-0.7071067811865477,0.7071067811865474,0.7431448254773945,-0.6691306063588579
2022-01-11 22:00:00,0.5451622784387633,-0.5000000000000004,0.8660254037844384,0.7431448254773945,-0.6691306063588579
2022-01-11 23:00:00,0.520585622552715,-0.25881904510252157,0.9659258262890681,0.7431448254773945,-0.6691306063588579
2022-01-12 00:00:00,0.5584080779430242,0.0,1.0,0.5877852522924732,-0.8090169943749473
2022-01-12 01:00:00,0.6291897306381787,0.25881904510252074,0.9659258262890683,0.5877852522924732,-0.8090169943749473
2022-01-12 02:00:00,0.6700132486524226,0.49999999999999994,0.8660254037844387,0.5877852522924732,-0.8090169943749473
2022-01-12 03:00:00,0.6187575326595447,0.7071067811865476,0.7071067811865476,0.5877852522924732,-0.8090169943749473
2022-01-12 04:00:00,0.4935430163297724,0.8660254037844386,0.5000000000000001,0.5877852522924732,-0.8090169943749473
2022-01-12 05:00:00,0.4001953248315528,0.9659258262890683,0.25881904510252074,0.5877852522924732,-0.8090169943749473
2022-01-12 06:00:00,0.3464236207491097,1.0,6.123233995736766e-17,0.5877852522924732,-0.8090169943749473
2022-01-12 07:00:00,0.3167681770412215,0.9659258262890683,-0.25881904510252063,0.5877852522924732,-0.8090169943749473
2022-01-12 08:00:00,0.3023962551872774,0.8660254037844387,-0.4999999999999998,0.5877852522924732,-0.8090169943749473
2022-01-12 09:00:00,0.299864110926972,0.7071067811865476,-0.7071067811865475,0.5877852522924732,-0.8090169943749473
2022-01-12 10:00:00,0.400652555463486,0.49999999999999994,-0.8660254037844387,0.5877852522924732,-0.8090169943749473
2022-01-12 11:00:00,0.6469162443984097,0.258819045102521,-0.9659258262890682,0.5877852522924732,-0.8090169943749473
2022-01-12 12:00:00,0.8076813221992049,1.2246467991473532e-16,-1.0,0.5877852522924732,-0.8090169943749473
2022-01-12 13:00:00,0.8285787694329357,-0.2588190451025208,-0.9659258262890683,0.5877852522924732,-0.8090169943749473
2022-01-12 14:00:00,0.7089660930498012,-0.4999999999999997,-0.8660254037844388,0.5877852522924732,-0.8090169943749473
2022-01-12 15:00:00,0.5613100548582339,-0.7071067811865471,-0.7071067811865479,0.5877852522924732,-0.8090169943749473
2022-01-12 16:00:00,0.4646446774291169,-0.8660254037844385,-0.5000000000000004,0.5877852522924732,-0.8090169943749473
2022-01-12 17:00:00,0.4590333387145585,-0.9659258262890683,-0.25881904510252063,0.5877852522924732,-0.8090169943749473
2022-01-12 18:00:00,0.6093372860239459,-1.0,-1.8369701987210297e-16,0.5877852522924732,-0.8090169943749473
2022-01-12 19:00:00,0.8230256596786395,-0.9659258262890684,0.2588190451025203,0.5877852522924732,-0.8090169943749473
2022-01-12 20:00:00,1.0138744131726531,-0.8660254037844386,0.5000000000000001,0.5877852522924732,-0.8090169943749473
2022-01-12 21:00:00,0.9905100315863266,-0.7071067811865477,0.7071067811865474,0.5877852522924732,-0.8090169943749473
2022-01-12 22:00:00,0.7684868074598299,-0.5000000000000004,0.8660254037844384,0.5877852522924732,-0.8090169943749473
2022-01-12 23:00:00,0.5597814203965816,-0.25881904510252157,0.9659258262890681,0.5877852522924732,-0.8090169943749473
2022-01-13 00:00:00,0.4296394185316241,0.0,1.0,0.40673664307580004,-0.913545457642601
2022-01-13 01:00:00,0.356077459265812,0.25881904510252074,0.9659258262890683,0.40673664307580004,-0.913545457642601
2022-01-13 02:00:00,0.3148118212995726,0.49999999999999994,0.8660254037844387,0.40673664307580004,-0.913545457642601
2022-01-13 03:00:00,0.2932295273164529,0.7071067811865476,0.7071067811865476,0.40673664307580004,-0.913545457642601
2022-01-13 04:00:00,0.2806027886582264,0.8660254037844386,0.5000000000000001,0.40673664307580004,-0.913545457642601
2022-01-13 05:00:00,0.2748000943291132,0.9659258262890683,0.25881904510252074,0.40673664307580004,-0.913545457642601
2022-01-13 06:00:00,0.27154410549789,1.0,6.123233995736766e-17,0.40673664307580004,-0.913545457642601
2022-01-13 07:00:00,0.2718018527489449,0.9659258262890683,-0.25881904510252063,0.40673664307580004,-0.913545457642601
2022-01-13 08:00:00,0.2734451680411391,0.8660254037844387,-0.4999999999999998,0.40673664307580004,-0.913545457642601
2022-01-13 09:00:00,0.2953081590205696,0.7071067811865476,-0.7071067811865475,0.40673664307580004,-0.913545457642601
2022-01-13 10:00:00,0.4910822461769514,0.49999999999999994,-0.8660254037844387,0.40673664307580004,-0.913545457642601
2022-01-13 11:00:00,1.0864488730884756,0.258819045102521,-0.9659258262890682,0.40673664307580004,-0.913545457642601
2022-01-13 12:00:00,1.9373910198775712,1.2246467991473532e-16,-1.0,0.40673664307580004,-0.913545457642601
2022-01-13 13:00:00,2.5807670099387856,-0.2588190451025208,-0.9659258262890683,0.40673664307580004,-0.913545457642601
2022-01-13 14:00:00,2.920611004969393,-0.4999999999999997,-0.8660254037844388,0.40673664307580004,-0.913545457642601
2022-01-13 15:00:00,2.895762169151363,-0.7071067811865471,-0.7071067811865479,0.40673664307580004,-0.913545457642601
2022-01-13 16:00:00,2.5083385012423483,-0.8660254037844385,-0.5000000000000004,0.40673664307580004,-0.913545457642601
2022-01-13 17:00:00,1.981248083954508,-0.9659258262890683,-0.25881904510252063,0.40673664307580004,-0.913545457642601
2022-01-13 18:00:00,1.402009366977254,-1.0,-1.8369701987210297e-16,0.40673664307580004,-0.913545457642601
2022-01-13 19:00:00,0.944152858488627,-0.9659258262890684,0.2588190451025203,0.40673664307580004,-0.913545457642601
2022-01-13 20:00:00,0.6684946375776468,-0.8660254037844386,0.5000000000000001,0.40673664307580004,-0.913545457642601
2022-01-13 21:00:00,0.5018325187888234,-0.7071067811865477,0.7071067811865474,0.40673664307580004,-0.913545457642601
2022-01-13 22:00:00,0.3963744843944117,-0.5000000000000004,0.8660254037844384,0.40673664307580004,-0.913545457642601
2022-01-13 23:00:00,0.3362179088638725,-0.25881904510252157,0.9659258262890681,0.40673664307580004,-0.913545457642601
2022-01-14 00:00:00,0.3142652377652696,0.0,1.0,0.20791169081775931,-0.9781476007338057
2022-01-14 01:00:00,0.3000463355493015,0.25881904510252074,0.9659258262890683,0.20791169081775931,-0.9781476007338057
2022-01-14 02:00:00,0.277222151107984,0.49999999999999994,0.8660254037844387,0.20791169081775931,-0.9781476007338057
2022-01-14 03:00:00,0.2765532838873253,0.7071067811865476,0.7071067811865476,0.20791169081775931,-0.9781476007338057
2022-01-14 04:00:00,0.2710483252769959,0.8660254037844386,0.5000000000000001,0.20791169081775931,-0.9781476007338057
2022-01-14 05:00:00,0.2610836793051646,0.9659258262890683,0.25881904510252074,0.20791169081775931,-0.9781476007338057
2022-01-14 06:00:00,0.2485271646525823,1.0,6.123233995736766e-17,0.20791169081775931,-0.9781476007338057
2022-01-14 07:00:00,0.2352364573262911,0.9659258262890683,-0.25881904510252063,0.20791169081775931,-0.9781476007338057
2022-01-14 08:00:00,0.2239623536631456,0.8660254037844387,-0.4999999999999998,0.20791169081775931,-0.9781476007338057
2022-01-14 09:00:00,0.2346092268315728,0.7071067811865476,-0.7071067811865475,0.20791169081775931,-0.9781476007338057
2022-01-14 10:00:00,0.5512301717491197,0.49999999999999994,-0.8660254037844387,0.20791169081775931,-0.9781476007338057
2022-01-14 11:00:00,0.9655551692078932,0.258819045102521,-0.9659258262890682,0.20791169081775931,-0.9781476007338057
2022-01-14 12:00:00,1.1587725012706132,1.2246467991473532e-16,-1.0,0.20791169081775931,-0.9781476007338057
2022-01-14 13:00:00,1.1191360256353065,-0.2588190451025208,-0.9659258262890683,0.20791169081775931,-0.9781476007338057
2022-01-14 14:00:00,1.0338913544843198,-0.4999999999999997,-0.8660254037844388,0.20791169081775931,-0.9781476007338057
2022-01-14 15:00:00,0.9763800105754932,-0.7071067811865471,-0.7071067811865479,0.20791169081775931,-0.9781476007338057
2022-01-14 16:00:00,0.9633528552877466,-0.8660254037844385,-0.5000000000000004,0.20791169081775931,-0.9781476007338057
2022-01-14 17:00:00,0.8305607276438733,-0.9659258262890683,-0.25881904510252063,0.20791169081775931,-0.9781476007338057
2022-01-14 18:00:00,0.6350681304886033,-1.0,-1.8369701987210297e-16,0.20791169081775931,-0.9781476007338057
2022-01-14 19:00:00,0.4885658819109683,-0.9659258262890684,0.2588190451025203,0.20791169081775931,-0.9781476007338057
2022-01-14 20:00:00,0.3903938409554841,-0.8660254037844386,0.5000000000000001,0.20791169081775931,-0.9781476007338057
2022-01-14 21:00:00,0.3243783121444087,-0.7071067811865477,0.7071067811865474,0.20791169081775931,-0.9781476007338057
2022-01-14 22:00:00,0.281647222738871,-0.5000000000000004,0.8660254037844384,0.20791169081775931,-0.9781476007338057
2022-01-14 23:00:00,0.2556264030361022,-0.25881904510252157,0.9659258262890681,0.20791169081775931,-0.9781476007338057
2022-01-15 00:00:00,0.2413198015180511,0.0,1.0,5.66553889764798e-16,-1.0
2022-01-15 01:00:00,0.2478741840923588,0.25881904510252074,0.9659258262890683,5.66553889764798e-16,-1.0
2022-01-15 02:00:00,0.2688688503795127,0.49999999999999994,0.8660254037844387,5.66553889764798e-16,-1.0
2022-01-15 03:00:00,0.267257091856423,0.7071067811865476,0.7071067811865476,5.66553889764798e-16,-1.0
2022-01-15 04:00:00,0.2579682125948781,0.8660254037844386,0.5000000000000001,5.66553889764798e-16,-1.0
2022-01-15 05:00:00,0.249968006297439,0.9659258262890683,0.25881904510252074,5.66553889764798e-16,-1.0
2022-01-15 06:00:00,0.2473311198153861,1.0,6.123233995736766e-17,5.66553889764798e-16,-1.0
2022-01-15 07:00:00,0.2483144265743597,0.9659258262890683,-0.25881904510252063,5.66553889764798e-16,-1.0
2022-01-15 08:00:00,0.2513297882871799,0.8660254037844387,-0.4999999999999998,5.66553889764798e-16,-1.0
2022-01-15 09:00:00,0.2542516691435899,0.7071067811865476,-0.7071067811865475,5.66553889764798e-16,-1.0
2022-01-15 10:00:00,0.2888179512384616,0.49999999999999994,-0.8660254037844387,5.66553889764798e-16,-1.0
2022-01-15 11:00:00,0.4881979756192308,0.258819045102521,-0.9659258262890682,5.66553889764798e-16,-1.0
2022-01-15 12:00:00,0.773724529476282,1.2246467991473532e-16,-1.0,5.66553889764798e-16,-1.0
2022-01-15 13:00:00,0.9775513480714744,-0.2588190451025208,-0.9659258262890683,5.66553889764798e-16,-1.0
2022-01-15 14:00:00,1.0041723990357372,-0.4999999999999997,-0.8660254037844388,5.66553889764798e-16,-1.0
2022-01-15 15:00:00,0.8259645745178685,-0.7071067811865471,-0.7071067811865479,5.66553889764798e-16,-1.0
2022-01-15 16:00:00,0.6213085955922676,-0.8660254037844385,-0.5000000000000004,5.66553889764798e-16,-1.0
2022-01-15 17:00:00,0.5264179311294671,-0.9659258262890683,-0.25881904510252063,5.66553889764798e-16,-1.0
2022-01-15 18:00:00,0.6355014905647336,-1.0,-1.8369701987210297e-16,5.66553889764798e-16,-1.0
2022-01-15 19:00:00,0.9579521369490334,-0.9659258262890684,0.2588190451025203,5.66553889764798e-16,-1.0
2022-01-15 20:00:00,1.2911284018078502,-0.8660254037844386,0.5000000000000001,5.66553889764798e-16,-1.0
2022-01-15 21:00:00,1.4414073675705916,-0.7071067811865477,0.7071067811865474,5.66553889764798e-16,-1.0
2022-01-15 22:00:00,1.2500915671186292,-0.5000000000000004,0.8660254037844384,5.66553889764798e-16,-1.0
