Datetime,Colour,sin_hour,cos_hour,sin_day,cos_day
2021-12-23 00:00:00,96.75151515151512,0.0,1.0,-0.9945218953682734,0.10452846326765299
2021-12-23 01:00:00,93.23787878787874,0.25881904510252074,0.9659258262890683,-0.9945218953682734,0.10452846326765299
2021-12-23 02:00:00,90.57813852813848,0.49999999999999994,0.8660254037844387,-0.9945218953682734,0.10452846326765299
2021-12-23 03:00:00,88.77229437229433,0.7071067811865476,0.7071067811865476,-0.9945218953682734,0.10452846326765299
2021-12-23 04:00:00,87.8203463203462,0.8660254037844386,0.5000000000000001,-0.9945218953682734,0.10452846326765299
2021-12-23 05:00:00,86.76190476190465,0.9659258262890683,0.25881904510252074,-0.9945218953682734,0.10452846326765299
2021-12-23 06:00:00,87.68614718614705,1.0,6.123233995736766e-17,-0.9945218953682734,0.10452846326765299
2021-12-23 07:00:00,90.79437229437217,0.9659258262890683,-0.25881904510252063,-0.9945218953682734,0.10452846326765299
2021-12-23 08:00:00,95.87662337662326,0.8660254037844387,-0.4999999999999998,-0.9945218953682734,0.10452846326765299
2021-12-23 09:00:00,102.27705627705616,0.7071067811865476,-0.7071067811865475,-0.9945218953682734,0.10452846326765299
2021-12-23 10:00:00,108.58658008657994,0.49999999999999994,-0.8660254037844387,-0.9945218953682734,0.10452846326765299
2021-12-23 11:00:00,114.32251082251068,0.258819045102521,-0.9659258262890682,-0.9945218953682734,0.10452846326765299
2021-12-23 12:00:00,118.4610389610388,1.2246467991473532e-16,-1.0,-0.9945218953682734,0.10452846326765299
2021-12-23 13:00:00,119.81818181818164,-0.2588190451025208,-0.9659258262890683,-0.9945218953682734,0.10452846326765299
2021-12-23 14:00:00,120.11255411255394,-0.4999999999999997,-0.8660254037844388,-0.9945218953682734,0.10452846326765299
2021-12-23 15:00:00,120.72294372294355,-0.7071067811865471,-0.7071067811865479,-0.9945218953682734,0.10452846326765299
2021-12-23 16:00:00,121.2770562770561,-0.8660254037844385,-0.5000000000000004,-0.9945218953682734,0.10452846326765299
2021-12-23 17:00:00,122.22294372294354,-0.9659258262890683,-0.25881904510252063,-0.9945218953682734,0.10452846326765299
2021-12-23 18:00:00,123.93073593073576,-1.0,-1.8369701987210297e-16,-0.9945218953682734,0.10452846326765299
2021-12-23 19:00:00,125.60173160173142,-0.9659258262890684,0.2588190451025203,-0.9945218953682734,0.10452846326765299
2021-12-23 20:00:00,126.22727272727256,-0.8660254037844386,0.5000000000000001,-0.9945218953682734,0.10452846326765299
2021-12-23 21:00:00,125.4913419913418,-0.7071067811865477,0.7071067811865474,-0.9945218953682734,0.10452846326765299
2021-12-23 22:00:00,123.55194805194787,-0.5000000000000004,0.8660254037844384,-0.9945218953682734,0.10452846326765299
2021-12-23 23:00:00,122.55411255411238,-0.25881904510252157,0.9659258262890681,-0.9945218953682734,0.10452846326765299
2021-12-24 00:00:00,117.18181818181802,0.0,1.0,-0.9510565162951536,0.30901699437494723
2021-12-24 01:00:00,111.8463203463202,0.25881904510252074,0.9659258262890683,-0.9510565162951536,0.30901699437494723
2021-12-24 02:00:00,107.43722943722928,0.49999999999999994,0.8660254037844387,-0.9510565162951536,0.30901699437494723
2021-12-24 03:00:00,103.98917748917734,0.7071067811865476,0.7071067811865476,-0.9510565162951536,0.30901699437494723
2021-12-24 04:00:00,101.99999999999986,0.8660254037844386,0.5000000000000001,-0.9510565162951536,0.30901699437494723
2021-12-24 05:00:00,101.52164502164489,0.9659258262890683,0.25881904510252074,-0.9510565162951536,0.30901699437494723
2021-12-24 06:00:00,104.37012987012972,1.0,6.123233995736766e-17,-0.9510565162951536,0.30901699437494723
2021-12-24 07:00:00,109.54329004328989,0.9659258262890683,-0.25881904510252063,-0.9510565162951536,0.30901699437494723
2021-12-24 08:00:00,111.3506493506492,0.8660254037844387,-0.4999999999999998,-0.9510565162951536,0.30901699437494723
2021-12-24 09:00:00,114.73809523809508,0.7071067811865476,-0.7071067811865475,-0.9510565162951536,0.30901699437494723
2021-12-24 10:00:00,117.48268398268382,0.49999999999999994,-0.8660254037844387,-0.9510565162951536,0.30901699437494723
2021-12-24 11:00:00,118.41125541125524,0.258819045102521,-0.9659258262890682,-0.9510565162951536,0.30901699437494723
2021-12-24 12:00:00,117.80086580086564,1.2246467991473532e-16,-1.0,-0.9510565162951536,0.30901699437494723
2021-12-24 13:00:00,116.151515151515,-0.2588190451025208,-0.9659258262890683,-0.9510565162951536,0.30901699437494723
2021-12-24 14:00:00,115.14069264069248,-0.4999999999999997,-0.8660254037844388,-0.9510565162951536,0.30901699437494723
2021-12-24 15:00:00,113.33982683982669,-0.7071067811865471,-0.7071067811865479,-0.9510565162951536,0.30901699437494723
2021-12-24 16:00:00,111.68614718614702,-0.8660254037844385,-0.5000000000000004,-0.9510565162951536,0.30901699437494723
2021-12-24 17:00:00,111.0519480519479,-0.9659258262890683,-0.25881904510252063,-0.9510565162951536,0.30901699437494723
2021-12-24 18:00:00,110.63419913419898,-1.0,-1.8369701987210297e-16,-0.9510565162951536,0.30901699437494723
2021-12-24 19:00:00,109.78138528138513,-0.9659258262890684,0.2588190451025203,-0.9510565162951536,0.30901699437494723
2021-12-24 20:00:00,109.09523809523796,-0.8660254037844386,0.5000000000000001,-0.9510565162951536,0.30901699437494723
2021-12-24 21:00:00,108.80519480519466,-0.7071067811865477,0.7071067811865474,-0.9510565162951536,0.30901699437494723
2021-12-24 22:00:00,108.38744588744572,-0.5000000000000004,0.8660254037844384,-0.9510565162951536,0.30901699437494723
2021-12-24 23:00:00,107.29437229437217,-0.25881904510252157,0.9659258262890681,-0.9510565162951536,0.30901699437494723
2021-12-25 00:00:00,106.4415584415583,0.0,1.0,-0.8660254037844386,0.5000000000000001
2021-12-25 01:00:00,104.68398268398252,0.25881904510252074,0.9659258262890683,-0.8660254037844386,0.5000000000000001
2021-12-25 02:00:00,102.61688311688296,0.49999999999999994,0.8660254037844387,-0.8660254037844386,0.5000000000000001
2021-12-25 03:00:00,100.5367965367964,0.7071067811865476,0.7071067811865476,-0.8660254037844386,0.5000000000000001
2021-12-25 04:00:00,98.9415584415583,0.8660254037844386,0.5000000000000001,-0.8660254037844386,0.5000000000000001
2021-12-25 05:00:00,98.16666666666652,0.9659258262890683,0.25881904510252074,-0.8660254037844386,0.5000000000000001
2021-12-25 06:00:00,98.55627705627693,1.0,6.123233995736766e-17,-0.8660254037844386,0.5000000000000001
2021-12-25 07:00:00,100.77489177489164,0.9659258262890683,-0.25881904510252063,-0.8660254037844386,0.5000000000000001
2021-12-25 08:00:00,104.83549783549768,0.8660254037844387,-0.4999999999999998,-0.8660254037844386,0.5000000000000001
2021-12-25 09:00:00,109.09307359307344,0.7071067811865476,-0.7071067811865475,-0.8660254037844386,0.5000000000000001
2021-12-25 10:00:00,113.3506493506492,0.49999999999999994,-0.8660254037844387,-0.8660254037844386,0.5000000000000001
2021-12-25 11:00:00,116.4610389610388,0.258819045102521,-0.9659258262890682,-0.8660254037844386,0.5000000000000001
2021-12-25 12:00:00,118.23160173160156,1.2246467991473532e-16,-1.0,-0.8660254037844386,0.5000000000000001
2021-12-25 13:00:00,118.49783549783533,-0.2588190451025208,-0.9659258262890683,-0.8660254037844386,0.5000000000000001
2021-12-25 14:00:00,118.32900432900416,-0.4999999999999997,-0.8660254037844388,-0.8660254037844386,0.5000000000000001
2021-12-25 15:00:00,118.67099567099552,-0.7071067811865471,-0.7071067811865479,-0.8660254037844386,0.5000000000000001
2021-12-25 16:00:00,119.38311688311671,-0.8660254037844385,-0.5000000000000004,-0.8660254037844386,0.5000000000000001
2021-12-25 17:00:00,120.9826839826838,-0.9659258262890683,-0.25881904510252063,-0.8660254037844386,0.5000000000000001
2021-12-25 18:00:00,122.75757575757558,-1.0,-1.8369701987210297e-16,-0.8660254037844386,0.5000000000000001
2021-12-25 19:00:00,123.95887445887428,-0.9659258262890684,0.2588190451025203,-0.8660254037844386,0.5000000000000001
2021-12-25 20:00:00,124.45454545454528,-0.8660254037844386,0.5000000000000001,-0.8660254037844386,0.5000000000000001
2021-12-25 21:00:00,124.30303030303013,-0.7071067811865477,0.7071067811865474,-0.8660254037844386,0.5000000000000001
2021-12-25 22:00:00,123.8744588744587,-0.5000000000000004,0.8660254037844384,-0.8660254037844386,0.5000000000000001
2021-12-25 23:00:00,122.93506493506476,-0.25881904510252157,0.9659258262890681,-0.8660254037844386,0.5000000000000001
2021-12-26 00:00:00,120.89177489177472,0.0,1.0,-0.743144825477394,0.6691306063588585
2021-12-26 01:00:00,117.9523809523808,0.25881904510252074,0.9659258262890683,-0.743144825477394,0.6691306063588585
2021-12-26 02:00:00,114.09090909090892,0.49999999999999994,0.8660254037844387,-0.743144825477394,0.6691306063588585
2021-12-26 03:00:00,110.50865800865785,0.7071067811865476,0.7071067811865476,-0.743144825477394,0.6691306063588585
2021-12-26 04:00:00,107.61904761904748,0.8660254037844386,0.5000000000000001,-0.743144825477394,0.6691306063588585
2021-12-26 05:00:00,105.05627705627693,0.9659258262890683,0.25881904510252074,-0.743144825477394,0.6691306063588585
2021-12-26 06:00:00,104.0151515151514,1.0,6.123233995736766e-17,-0.743144825477394,0.6691306063588585
2021-12-26 07:00:00,105.3484848484847,0.9659258262890683,-0.25881904510252063,-0.743144825477394,0.6691306063588585
2021-12-26 08:00:00,108.13419913419898,0.8660254037844387,-0.4999999999999998,-0.743144825477394,0.6691306063588585
2021-12-26 09:00:00,111.42640692640676,0.7071067811865476,-0.7071067811865475,-0.743144825477394,0.6691306063588585
2021-12-26 10:00:00,114.99567099567084,0.49999999999999994,-0.8660254037844387,-0.743144825477394,0.6691306063588585
2021-12-26 11:00:00,118.67965367965353,0.258819045102521,-0.9659258262890682,-0.743144825477394,0.6691306063588585
2021-12-26 12:00:00,121.58225108225092,1.2246467991473532e-16,-1.0,-0.743144825477394,0.6691306063588585
2021-12-26 13:00:00,122.5844155844154,-0.2588190451025208,-0.9659258262890683,-0.743144825477394,0.6691306063588585
2021-12-26 14:00:00,122.8722943722942,-0.4999999999999997,-0.8660254037844388,-0.743144825477394,0.6691306063588585
2021-12-26 15:00:00,123.13203463203445,-0.7071067811865471,-0.7071067811865479,-0.743144825477394,0.6691306063588585
2021-12-26 16:00:00,122.95021645021627,-0.8660254037844385,-0.5000000000000004,-0.743144825477394,0.6691306063588585
2021-12-26 17:00:00,122.62770562770544,-0.9659258262890683,-0.25881904510252063,-0.743144825477394,0.6691306063588585
2021-12-26 18:00:00,121.7792207792206,-1.0,-1.8369701987210297e-16,-0.743144825477394,0.6691306063588585
2021-12-26 19:00:00,120.40476190476171,-0.9659258262890684,0.2588190451025203,-0.743144825477394,0.6691306063588585
2021-12-26 20:00:00,118.37012987012972,-0.8660254037844386,0.5000000000000001,-0.743144825477394,0.6691306063588585
2021-12-26 21:00:00,115.93506493506476,-0.7071067811865477,0.7071067811865474,-0.743144825477394,0.6691306063588585
2021-12-26 22:00:00,113.32467532467516,-0.5000000000000004,0.8660254037844384,-0.743144825477394,0.6691306063588585
2021-12-26 23:00:00,110.61038961038946,-0.25881904510252157,0.9659258262890681,-0.743144825477394,0.6691306063588585
2021-12-27 00:00:00,107.76406926406912,0.0,1.0,-0.5877852522924734,0.8090169943749473
2021-12-27 01:00:00,105.31385281385266,0.25881904510252074,0.9659258262890683,-0.5877852522924734,0.8090169943749473
2021-12-27 02:00:00,102.94588744588732,0.49999999999999994,0.8660254037844387,-0.5877852522924734,0.8090169943749473
2021-12-27 03:00:00,102.0411255411254,0.7071067811865476,0.7071067811865476,-0.5877852522924734,0.8090169943749473
2021-12-27 04:00:00,100.6363636363635,0.8660254037844386,0.5000000000000001,-0.5877852522924734,0.8090169943749473
2021-12-27 05:00:00,100.06493506493491,0.9659258262890683,0.25881904510252074,-0.5877852522924734,0.8090169943749473
2021-12-27 06:00:00,99.67532467532452,1.0,6.123233995736766e-17,-0.5877852522924734,0.8090169943749473
2021-12-27 07:00:00,100.35930735930722,0.9659258262890683,-0.25881904510252063,-0.5877852522924734,0.8090169943749473
2021-12-27 08:00:00,101.76839826839812,0.8660254037844387,-0.4999999999999998,-0.5877852522924734,0.8090169943749473
2021-12-27 09:00:00,103.90259740259724,0.7071067811865476,-0.7071067811865475,-0.5877852522924734,0.8090169943749473
2021-12-27 10:00:00,106.70562770562756,0.49999999999999994,-0.8660254037844387,-0.5877852522924734,0.8090169943749473
2021-12-27 11:00:00,110.38528138528125,0.258819045102521,-0.9659258262890682,-0.5877852522924734,0.8090169943749473
2021-12-27 12:00:00,112.5562770562769,1.2246467991473532e-16,-1.0,-0.5877852522924734,0.8090169943749473
2021-12-27 13:00:00,114.35281385281368,-0.2588190451025208,-0.9659258262890683,-0.5877852522924734,0.8090169943749473
2021-12-27 14:00:00,115.09956709956694,-0.4999999999999997,-0.8660254037844388,-0.5877852522924734,0.8090169943749473
2021-12-27 15:00:00,115.90692640692625,-0.7071067811865471,-0.7071067811865479,-0.5877852522924734,0.8090169943749473
2021-12-27 16:00:00,116.38095238095222,-0.8660254037844385,-0.5000000000000004,-0.5877852522924734,0.8090169943749473
2021-12-27 17:00:00,116.49134199134184,-0.9659258262890683,-0.25881904510252063,-0.5877852522924734,0.8090169943749473
2021-12-27 18:00:00,117.17316017316,-1.0,-1.8369701987210297e-16,-0.5877852522924734,0.8090169943749473
2021-12-27 19:00:00,117.29437229437212,-0.9659258262890684,0.2588190451025203,-0.5877852522924734,0.8090169943749473
2021-12-27 20:00:00,116.42424242424228,-0.8660254037844386,0.5000000000000001,-0.5877852522924734,0.8090169943749473
2021-12-27 21:00:00,115.01948051948035,-0.7071067811865477,0.7071067811865474,-0.5877852522924734,0.8090169943749473
2021-12-27 22:00:00,113.09956709956694,-0.5000000000000004,0.8660254037844384,-0.5877852522924734,0.8090169943749473
2021-12-27 23:00:00,110.69913419913404,-0.25881904510252157,0.9659258262890681,-0.5877852522924734,0.8090169943749473
2021-12-28 00:00:00,107.50865800865785,0.0,1.0,-0.40673664307580015,0.913545457642601
2021-12-28 01:00:00,104.8463203463202,0.25881904510252074,0.9659258262890683,-0.40673664307580015,0.913545457642601
2021-12-28 02:00:00,103.99783549783535,0.49999999999999994,0.8660254037844387,-0.40673664307580015,0.913545457642601
2021-12-28 03:00:00,104.56926406926392,0.7071067811865476,0.7071067811865476,-0.40673664307580015,0.913545457642601
2021-12-28 04:00:00,105.45670995670982,0.8660254037844386,0.5000000000000001,-0.40673664307580015,0.913545457642601
2021-12-28 05:00:00,106.9458874458873,0.9659258262890683,0.25881904510252074,-0.40673664307580015,0.913545457642601
2021-12-28 06:00:00,108.1450216450215,1.0,6.123233995736766e-17,-0.40673664307580015,0.913545457642601
2021-12-28 07:00:00,109.63419913419898,0.9659258262890683,-0.25881904510252063,-0.40673664307580015,0.913545457642601
2021-12-28 08:00:00,111.2748917748916,0.8660254037844387,-0.4999999999999998,-0.40673664307580015,0.913545457642601
2021-12-28 09:00:00,113.91125541125524,0.7071067811865476,-0.7071067811865475,-0.40673664307580015,0.913545457642601
2021-12-28 10:00:00,116.64285714285698,0.49999999999999994,-0.8660254037844387,-0.40673664307580015,0.913545457642601
2021-12-28 11:00:00,120.59956709956694,0.258819045102521,-0.9659258262890682,-0.40673664307580015,0.913545457642601
2021-12-28 12:00:00,122.93290043290024,1.2246467991473532e-16,-1.0,-0.40673664307580015,0.913545457642601
2021-12-28 13:00:00,123.0800865800864,-0.2588190451025208,-0.9659258262890683,-0.40673664307580015,0.913545457642601
2021-12-28 14:00:00,121.32251082251064,-0.4999999999999997,-0.8660254037844388,-0.40673664307580015,0.913545457642601
2021-12-28 15:00:00,119.78138528138513,-0.7071067811865471,-0.7071067811865479,-0.40673664307580015,0.913545457642601
2021-12-28 16:00:00,119.58874458874442,-0.8660254037844385,-0.5000000000000004,-0.40673664307580015,0.913545457642601
2021-12-28 17:00:00,120.4653679653678,-0.9659258262890683,-0.25881904510252063,-0.40673664307580015,0.913545457642601
2021-12-28 18:00:00,121.9653679653678,-1.0,-1.8369701987210297e-16,-0.40673664307580015,0.913545457642601
2021-12-28 19:00:00,124.64285714285695,-0.9659258262890684,0.2588190451025203,-0.40673664307580015,0.913545457642601
2021-12-28 20:00:00,126.13419913419897,-0.8660254037844386,0.5000000000000001,-0.40673664307580015,0.913545457642601
2021-12-28 21:00:00,125.4913419913418,-0.7071067811865477,0.7071067811865474,-0.40673664307580015,0.913545457642601
2021-12-28 22:00:00,122.50216450216432,-0.5000000000000004,0.8660254037844384,-0.40673664307580015,0.913545457642601
2021-12-28 23:00:00,118.99350649350632,-0.25881904510252157,0.9659258262890681,-0.40673664307580015,0.913545457642601
2021-12-29 00:00:00,114.74458874458858,0.0,1.0,-0.20791169081775898,0.9781476007338057
2021-12-29 01:00:00,110.82034632034618,0.25881904510252074,0.9659258262890683,-0.20791169081775898,0.9781476007338057
2021-12-29 02:00:00,107.74675324675307,0.49999999999999994,0.8660254037844387,-0.20791169081775898,0.9781476007338057
2021-12-29 03:00:00,105.59090909090894,0.7071067811865476,0.7071067811865476,-0.20791169081775898,0.9781476007338057
2021-12-29 04:00:00,104.87662337662324,0.8660254037844386,0.5000000000000001,-0.20791169081775898,0.9781476007338057
2021-12-29 05:00:00,105.40043290043276,0.9659258262890683,0.25881904510252074,-0.20791169081775898,0.9781476007338057
2021-12-29 06:00:00,106.0324675324674,1.0,6.123233995736766e-17,-0.20791169081775898,0.9781476007338057
2021-12-29 07:00:00,107.40909090909076,0.9659258262890683,-0.25881904510252063,-0.20791169081775898,0.9781476007338057
2021-12-29 08:00:00,108.29653679653664,0.8660254037844387,-0.4999999999999998,-0.20791169081775898,0.9781476007338057
2021-12-29 09:00:00,109.8549783549782,0.7071067811865476,-0.7071067811865475,-0.20791169081775898,0.9781476007338057
2021-12-29 10:00:00,111.69913419913404,0.49999999999999994,-0.8660254037844387,-0.20791169081775898,0.9781476007338057
2021-12-29 11:00:00,113.5541125541124,0.258819045102521,-0.9659258262890682,-0.20791169081775898,0.9781476007338057
2021-12-29 12:00:00,115.63203463203448,1.2246467991473532e-16,-1.0,-0.20791169081775898,0.9781476007338057
2021-12-29 13:00:00,117.5541125541124,-0.2588190451025208,-0.9659258262890683,-0.20791169081775898,0.9781476007338057
2021-12-29 14:00:00,119.07359307359292,-0.4999999999999997,-0.8660254037844388,-0.20791169081775898,0.9781476007338057
2021-12-29 15:00:00,120.29870129870112,-0.7071067811865471,-0.7071067811865479,-0.20791169081775898,0.9781476007338057
2021-12-29 16:00:00,121.24242424242408,-0.8660254037844385,-0.5000000000000004,-0.20791169081775898,0.9781476007338057
2021-12-29 17:00:00,122.0714285714284,-0.9659258262890683,-0.25881904510252063,-0.20791169081775898,0.9781476007338057
2021-12-29 18:00:00,123.13636363636346,-1.0,-1.8369701987210297e-16,-0.20791169081775898,0.9781476007338057
2021-12-29 19:00:00,123.29220779220762,-0.9659258262890684,0.2588190451025203,-0.20791169081775898,0.9781476007338057
2021-12-29 20:00:00,122.35281385281368,-0.8660254037844386,0.5000000000000001,-0.20791169081775898,0.9781476007338057
2021-12-29 21:00:00,120.8744588744587,-0.7071067811865477,0.7071067811865474,-0.20791169081775898,0.9781476007338057
2021-12-29 22:00:00,118.61904761904744,-0.5000000000000004,0.8660254037844384,-0.20791169081775898,0.9781476007338057
2021-12-29 23:00:00,115.72510822510807,-0.25881904510252157,0.9659258262890681,-0.20791169081775898,0.9781476007338057
2021-12-30 00:00:00,113.12337662337646,0.0,1.0,-1.133107779529596e-15,1.0
2021-12-30 01:00:00,110.95021645021627,0.25881904510252074,0.9659258262890683,-1.133107779529596e-15,1.0
2021-12-30 02:00:00,109.13419913419898,0.49999999999999994,0.8660254037844387,-1.133107779529596e-15,1.0
2021-12-30 03:00:00,107.4437229437228,0.7071067811865476,0.7071067811865476,-1.133107779529596e-15,1.0
2021-12-30 04:00:00,106.10173160173144,0.8660254037844386,0.5000000000000001,-1.133107779529596e-15,1.0
2021-12-30 05:00:00,106.30735930735916,0.9659258262890683,0.25881904510252074,-1.133107779529596e-15,1.0
2021-12-30 06:00:00,106.88528138528125,1.0,6.123233995736766e-17,-1.133107779529596e-15,1.0
2021-12-30 07:00:00,108.49134199134184,0.9659258262890683,-0.25881904510252063,-1.133107779529596e-15,1.0
2021-12-30 08:00:00,111.6623376623375,0.8660254037844387,-0.4999999999999998,-1.133107779529596e-15,1.0
2021-12-30 09:00:00,117.14502164502149,0.7071067811865476,-0.7071067811865475,-1.133107779529596e-15,1.0
2021-12-30 10:00:00,118.55627705627688,0.49999999999999994,-0.8660254037844387,-1.133107779529596e-15,1.0
2021-12-30 11:00:00,118.4610389610388,0.258819045102521,-0.9659258262890682,-1.133107779529596e-15,1.0
2021-12-30 12:00:00,117.6753246753245,1.2246467991473532e-16,-1.0,-1.133107779529596e-15,1.0
2021-12-30 13:00:00,116.35714285714268,-0.2588190451025208,-0.9659258262890683,-1.133107779529596e-15,1.0
2021-12-30 14:00:00,113.89610389610374,-0.4999999999999997,-0.8660254037844388,-1.133107779529596e-15,1.0
2021-12-30 15:00:00,111.9393939393938,-0.7071067811865471,-0.7071067811865479,-1.133107779529596e-15,1.0
2021-12-30 16:00:00,111.19480519480504,-0.8660254037844385,-0.5000000000000004,-1.133107779529596e-15,1.0
2021-12-30 17:00:00,111.92424242424228,-0.9659258262890683,-0.25881904510252063,-1.133107779529596e-15,1.0
2021-12-30 18:00:00,109.54112554112538,-1.0,-1.8369701987210297e-16,-1.133107779529596e-15,1.0
2021-12-30 19:00:00,108.25974025974013,-0.9659258262890684,0.2588190451025203,-1.133107779529596e-15,1.0
2021-12-30 20:00:00,108.01731601731586,-0.8660254037844386,0.5000000000000001,-1.133107779529596e-15,1.0
2021-12-30 21:00:00,107.7359307359306,-0.7071067811865477,0.7071067811865474,-1.133107779529596e-15,1.0
2021-12-30 22:00:00,107.37878787878772,-0.5000000000000004,0.8660254037844384,-1.133107779529596e-15,1.0
2021-12-30 23:00:00,109.19696969696956,-0.25881904510252157,0.9659258262890681,-1.133107779529596e-15,1.0
2021-12-31 00:00:00,106.38528138528125,0.0,1.0,0.2079116908177585,0.9781476007338058
2021-12-31 01:00:00,104.3333333333332,0.25881904510252074,0.9659258262890683,0.2079116908177585,0.9781476007338058
2021-12-31 02:00:00,102.80086580086568,0.49999999999999994,0.8660254037844387,0.2079116908177585,0.9781476007338058
2021-12-31 03:00:00,100.48484848484836,0.7071067811865476,0.7071067811865476,0.2079116908177585,0.9781476007338058
2021-12-31 04:00:00,98.58225108225092,0.8660254037844386,0.5000000000000001,0.2079116908177585,0.9781476007338058
2021-12-31 05:00:00,97.81168831168816,0.9659258262890683,0.25881904510252074,0.2079116908177585,0.9781476007338058
2021-12-31 06:00:00,103.32251082251068,1.0,6.123233995736766e-17,0.2079116908177585,0.9781476007338058
2021-12-31 07:00:00,106.55339105339092,0.9659258262890683,-0.25881904510252063,0.2079116908177585,0.9781476007338058
2021-12-31 08:00:00,104.99350649350636,0.8660254037844387,-0.4999999999999998,0.2079116908177585,0.9781476007338058
2021-12-31 09:00:00,105.49134199134184,0.7071067811865476,-0.7071067811865475,0.2079116908177585,0.9781476007338058
2021-12-31 10:00:00,105.41053391053376,0.49999999999999994,-0.8660254037844387,0.2079116908177585,0.9781476007338058
2021-12-31 11:00:00,103.82251082251068,0.258819045102521,-0.9659258262890682,0.2079116908177585,0.9781476007338058
2021-12-31 12:00:00,102.48268398268384,1.2246467991473532e-16,-1.0,0.2079116908177585,0.9781476007338058
2021-12-31 13:00:00,102.51875901875889,-0.2588190451025208,-0.9659258262890683,0.2079116908177585,0.9781476007338058
2021-12-31 14:00:00,106.18614718614704,-0.4999999999999997,-0.8660254037844388,0.2079116908177585,0.9781476007338058
2021-12-31 15:00:00,105.33549783549768,-0.7071067811865471,-0.7071067811865479,0.2079116908177585,0.9781476007338058
2021-12-31 16:00:00,105.31601731601717,-0.8660254037844385,-0.5000000000000004,0.2079116908177585,0.9781476007338058
2021-12-31 17:00:00,105.79437229437217,-0.9659258262890683,-0.25881904510252063,0.2079116908177585,0.9781476007338058
2021-12-31 18:00:00,106.63419913419898,-1.0,-1.8369701987210297e-16,0.2079116908177585,0.9781476007338058
2021-12-31 19:00:00,107.9567099567098,-0.9659258262890684,0.2588190451025203,0.2079116908177585,0.9781476007338058
2021-12-31 20:00:00,108.64069264069248,-0.8660254037844386,0.5000000000000001,0.2079116908177585,0.9781476007338058
2021-12-31 21:00:00,108.56493506493491,-0.7071067811865477,0.7071067811865474,0.2079116908177585,0.9781476007338058
2021-12-31 22:00:00,107.81385281385266,-0.5000000000000004,0.8660254037844384,0.2079116908177585,0.9781476007338058
2021-12-31 23:00:00,106.59523809523796,-0.25881904510252157,0.9659258262890681,0.2079116908177585,0.9781476007338058
2022-01-01 00:00:00,104.76190476190462,0.0,1.0,0.20791169081775931,0.9781476007338057
2022-01-01 01:00:00,104.0367965367964,0.25881904510252074,0.9659258262890683,0.20791169081775931,0.9781476007338057
2022-01-01 02:00:00,104.60173160173146,0.49999999999999994,0.8660254037844387,0.20791169081775931,0.9781476007338057
2022-01-01 03:00:00,105.27489177489164,0.7071067811865476,0.7071067811865476,0.20791169081775931,0.9781476007338057
2022-01-01 04:00:00,106.07359307359292,0.8660254037844386,0.5000000000000001,0.20791169081775931,0.9781476007338057
2022-01-01 05:00:00,107.90476190476176,0.9659258262890683,0.25881904510252074,0.20791169081775931,0.9781476007338057
2022-01-01 06:00:00,109.11904761904746,1.0,6.123233995736766e-17,0.20791169081775931,0.9781476007338057
2022-01-01 07:00:00,109.79870129870116,0.9659258262890683,-0.25881904510252063,0.20791169081775931,0.9781476007338057
2022-01-01 08:00:00,110.69480519480504,0.8660254037844387,-0.4999999999999998,0.20791169081775931,0.9781476007338057
2022-01-01 09:00:00,112.7597402597401,0.7071067811865476,-0.7071067811865475,0.20791169081775931,0.9781476007338057
2022-01-01 10:00:00,115.31818181818166,0.49999999999999994,-0.8660254037844387,0.20791169081775931,0.9781476007338057
2022-01-01 11:00:00,116.83116883116868,0.258819045102521,-0.9659258262890682,0.20791169081775931,0.9781476007338057
2022-01-01 12:00:00,118.52597402597384,1.2246467991473532e-16,-1.0,0.20791169081775931,0.9781476007338057
2022-01-01 13:00:00,119.46320346320331,-0.2588190451025208,-0.9659258262890683,0.20791169081775931,0.9781476007338057
2022-01-01 14:00:00,117.5497835497834,-0.4999999999999997,-0.8660254037844388,0.20791169081775931,0.9781476007338057
2022-01-01 15:00:00,114.660173160173,-0.7071067811865471,-0.7071067811865479,0.20791169081775931,0.9781476007338057
2022-01-01 16:00:00,112.62770562770548,-0.8660254037844385,-0.5000000000000004,0.20791169081775931,0.9781476007338057
2022-01-01 17:00:00,112.19047619047603,-0.9659258262890683,-0.25881904510252063,0.20791169081775931,0.9781476007338057
2022-01-01 18:00:00,113.2597402597401,-1.0,-1.8369701987210297e-16,0.20791169081775931,0.9781476007338057
2022-01-01 19:00:00,115.6580086580085,-0.9659258262890684,0.2588190451025203,0.20791169081775931,0.9781476007338057
2022-01-01 20:00:00,118.43073593073576,-0.8660254037844386,0.5000000000000001,0.20791169081775931,0.9781476007338057
2022-01-01 21:00:00,119.92857142857125,-0.7071067811865477,0.7071067811865474,0.20791169081775931,0.9781476007338057
2022-01-01 22:00:00,119.53246753246736,-0.5000000000000004,0.8660254037844384,0.20791169081775931,0.9781476007338057
2022-01-01 23:00:00,117.71861471861456,-0.25881904510252157,0.9659258262890681,0.20791169081775931,0.9781476007338057
2022-01-02 00:00:00,112.66666666666652,0.0,1.0,0.40673664307580015,0.9135454576426009
2022-01-02 01:00:00,108.61038961038946,0.25881904510252074,0.9659258262890683,0.40673664307580015,0.9135454576426009
2022-01-02 02:00:00,105.42207792207778,0.49999999999999994,0.8660254037844387,0.40673664307580015,0.9135454576426009
2022-01-02 03:00:00,103.87229437229423,0.7071067811865476,0.7071067811865476,0.40673664307580015,0.9135454576426009
2022-01-02 04:00:00,102.75974025974013,0.8660254037844386,0.5000000000000001,0.40673664307580015,0.9135454576426009
2022-01-02 05:00:00,101.67748917748904,0.9659258262890683,0.25881904510252074,0.40673664307580015,0.9135454576426009
2022-01-02 06:00:00,102.36147186147171,1.0,6.123233995736766e-17,0.40673664307580015,0.9135454576426009
2022-01-02 07:00:00,103.8333333333332,0.9659258262890683,-0.25881904510252063,0.40673664307580015,0.9135454576426009
2022-01-02 08:00:00,103.76190476190462,0.8660254037844387,-0.4999999999999998,0.40673664307580015,0.9135454576426009
2022-01-02 09:00:00,106.09307359307344,0.7071067811865476,-0.7071067811865475,0.40673664307580015,0.9135454576426009
2022-01-02 10:00:00,109.74675324675307,0.49999999999999994,-0.8660254037844387,0.40673664307580015,0.9135454576426009
2022-01-02 11:00:00,114.11471861471844,0.258819045102521,-0.9659258262890682,0.40673664307580015,0.9135454576426009
2022-01-02 12:00:00,117.40043290043272,1.2246467991473532e-16,-1.0,0.40673664307580015,0.9135454576426009
2022-01-02 13:00:00,118.7510822510821,-0.2588190451025208,-0.9659258262890683,0.40673664307580015,0.9135454576426009
2022-01-02 14:00:00,119.90909090909074,-0.4999999999999997,-0.8660254037844388,0.40673664307580015,0.9135454576426009
2022-01-02 15:00:00,120.82251082251064,-0.7071067811865471,-0.7071067811865479,0.40673664307580015,0.9135454576426009
2022-01-02 16:00:00,121.14285714285695,-0.8660254037844385,-0.5000000000000004,0.40673664307580015,0.9135454576426009
2022-01-02 17:00:00,121.7748917748916,-0.9659258262890683,-0.25881904510252063,0.40673664307580015,0.9135454576426009
2022-01-02 18:00:00,121.8722943722942,-1.0,-1.8369701987210297e-16,0.40673664307580015,0.9135454576426009
2022-01-02 19:00:00,121.60606060606042,-0.9659258262890684,0.2588190451025203,0.40673664307580015,0.9135454576426009
2022-01-02 20:00:00,120.29220779220762,-0.8660254037844386,0.5000000000000001,0.40673664307580015,0.9135454576426009
2022-01-02 21:00:00,117.78787878787864,-0.7071067811865477,0.7071067811865474,0.40673664307580015,0.9135454576426009
2022-01-02 22:00:00,115.5476190476189,-0.5000000000000004,0.8660254037844384,0.40673664307580015,0.9135454576426009
2022-01-02 23:00:00,112.73160173160156,-0.25881904510252157,0.9659258262890681,0.40673664307580015,0.9135454576426009
2022-01-03 00:00:00,110.27056277056262,0.0,1.0,0.5877852522924731,0.8090169943749475
2022-01-03 01:00:00,108.3593073593072,0.25881904510252074,0.9659258262890683,0.5877852522924731,0.8090169943749475
2022-01-03 02:00:00,106.72510822510807,0.49999999999999994,0.8660254037844387,0.5877852522924731,0.8090169943749475
2022-01-03 03:00:00,106.37445887445872,0.7071067811865476,0.7071067811865476,0.5877852522924731,0.8090169943749475
2022-01-03 04:00:00,106.40476190476176,0.8660254037844386,0.5000000000000001,0.5877852522924731,0.8090169943749475
2022-01-03 05:00:00,106.76839826839812,0.9659258262890683,0.25881904510252074,0.5877852522924731,0.8090169943749475
2022-01-03 06:00:00,106.90259740259724,1.0,6.123233995736766e-17,0.5877852522924731,0.8090169943749475
2022-01-03 07:00:00,106.14935064935052,0.9659258262890683,-0.25881904510252063,0.5877852522924731,0.8090169943749475
2022-01-03 08:00:00,106.33982683982669,0.8660254037844387,-0.4999999999999998,0.5877852522924731,0.8090169943749475
2022-01-03 09:00:00,107.11904761904746,0.7071067811865476,-0.7071067811865475,0.5877852522924731,0.8090169943749475
2022-01-03 10:00:00,109.00216450216436,0.49999999999999994,-0.8660254037844387,0.5877852522924731,0.8090169943749475
2022-01-03 11:00:00,111.48917748917734,0.258819045102521,-0.9659258262890682,0.5877852522924731,0.8090169943749475
2022-01-03 12:00:00,113.44805194805178,1.2246467991473532e-16,-1.0,0.5877852522924731,0.8090169943749475
2022-01-03 13:00:00,115.50865800865785,-0.2588190451025208,-0.9659258262890683,0.5877852522924731,0.8090169943749475
2022-01-03 14:00:00,117.08658008657991,-0.4999999999999997,-0.8660254037844388,0.5877852522924731,0.8090169943749475
2022-01-03 15:00:00,118.08874458874442,-0.7071067811865471,-0.7071067811865479,0.5877852522924731,0.8090169943749475
2022-01-03 16:00:00,119.56060606060588,-0.8660254037844385,-0.5000000000000004,0.5877852522924731,0.8090169943749475
2022-01-03 17:00:00,121.22294372294355,-0.9659258262890683,-0.25881904510252063,0.5877852522924731,0.8090169943749475
2022-01-03 18:00:00,122.16233766233748,-1.0,-1.8369701987210297e-16,0.5877852522924731,0.8090169943749475
2022-01-03 19:00:00,121.50865800865785,-0.9659258262890684,0.2588190451025203,0.5877852522924731,0.8090169943749475
2022-01-03 20:00:00,118.8787878787877,-0.8660254037844386,0.5000000000000001,0.5877852522924731,0.8090169943749475
2022-01-03 21:00:00,115.57359307359292,-0.7071067811865477,0.7071067811865474,0.5877852522924731,0.8090169943749475
2022-01-03 22:00:00,111.81168831168816,-0.5000000000000004,0.8660254037844384,0.5877852522924731,0.8090169943749475
2022-01-03 23:00:00,106.9567099567098,-0.25881904510252157,0.9659258262890681,0.5877852522924731,0.8090169943749475
2022-01-04 00:00:00,103.69696969696956,0.0,1.0,0.7431448254773941,0.6691306063588582
2022-01-04 01:00:00,103.21428571428558,0.25881904510252074,0.9659258262890683,0.7431448254773941,0.6691306063588582
2022-01-04 02:00:00,103.4437229437228,0.49999999999999994,0.8660254037844387,0.7431448254773941,0.6691306063588582
2022-01-04 03:00:00,105.07359307359292,0.7071067811865476,0.7071067811865476,0.7431448254773941,0.6691306063588582
2022-01-04 04:00:00,107.32251082251068,0.8660254037844386,0.5000000000000001,0.7431448254773941,0.6691306063588582
2022-01-04 05:00:00,110.50865800865785,0.9659258262890683,0.25881904510252074,0.7431448254773941,0.6691306063588582
2022-01-04 06:00:00,112.53463203463188,1.0,6.123233995736766e-17,0.7431448254773941,0.6691306063588582
2022-01-04 07:00:00,113.48701298701285,0.9659258262890683,-0.25881904510252063,0.7431448254773941,0.6691306063588582
2022-01-04 08:00:00,114.79004329004312,0.8660254037844387,-0.4999999999999998,0.7431448254773941,0.6691306063588582
2022-01-04 09:00:00,116.3549783549782,0.7071067811865476,-0.7071067811865475,0.7431448254773941,0.6691306063588582
2022-01-04 10:00:00,116.32683982683966,0.49999999999999994,-0.8660254037844387,0.7431448254773941,0.6691306063588582
2022-01-04 11:00:00,117.30952380952364,0.258819045102521,-0.9659258262890682,0.7431448254773941,0.6691306063588582
2022-01-04 12:00:00,118.68614718614702,1.2246467991473532e-16,-1.0,0.7431448254773941,0.6691306063588582
2022-01-04 13:00:00,121.1753246753245,-0.2588190451025208,-0.9659258262890683,0.7431448254773941,0.6691306063588582
2022-01-04 14:00:00,122.0584415584414,-0.4999999999999997,-0.8660254037844388,0.7431448254773941,0.6691306063588582
2022-01-04 15:00:00,122.53030303030286,-0.7071067811865471,-0.7071067811865479,0.7431448254773941,0.6691306063588582
2022-01-04 16:00:00,121.32683982683966,-0.8660254037844385,-0.5000000000000004,0.7431448254773941,0.6691306063588582
2022-01-04 17:00:00,119.49350649350632,-0.9659258262890683,-0.25881904510252063,0.7431448254773941,0.6691306063588582
2022-01-04 18:00:00,123.1580086580085,-1.0,-1.8369701987210297e-16,0.7431448254773941,0.6691306063588582
2022-01-04 19:00:00,126.22077922077904,-0.9659258262890684,0.2588190451025203,0.7431448254773941,0.6691306063588582
2022-01-04 20:00:00,126.68614718614702,-0.8660254037844386,0.5000000000000001,0.7431448254773941,0.6691306063588582
2022-01-04 21:00:00,125.16666666666649,-0.7071067811865477,0.7071067811865474,0.7431448254773941,0.6691306063588582
2022-01-04 22:00:00,120.55194805194787,-0.5000000000000004,0.8660254037844384,0.7431448254773941,0.6691306063588582
2022-01-04 23:00:00,113.69480519480504,-0.25881904510252157,0.9659258262890681,0.7431448254773941,0.6691306063588582
2022-01-05 00:00:00,104.97619047619034,0.0,1.0,0.8660254037844386,0.5000000000000001
2022-01-05 01:00:00,97.89177489177476,0.25881904510252074,0.9659258262890683,0.8660254037844386,0.5000000000000001
2022-01-05 02:00:00,97.01082251082238,0.49999999999999994,0.8660254037844387,0.8660254037844386,0.5000000000000001
2022-01-05 03:00:00,94.96969696969684,0.7071067811865476,0.7071067811865476,0.8660254037844386,0.5000000000000001
2022-01-05 04:00:00,92.90043290043278,0.8660254037844386,0.5000000000000001,0.8660254037844386,0.5000000000000001
2022-01-05 05:00:00,91.44588744588732,0.9659258262890683,0.25881904510252074,0.8660254037844386,0.5000000000000001
2022-01-05 06:00:00,89.70562770562758,1.0,6.123233995736766e-17,0.8660254037844386,0.5000000000000001
2022-01-05 07:00:00,87.64502164502153,0.9659258262890683,-0.25881904510252063,0.8660254037844386,0.5000000000000001
2022-01-05 08:00:00,85.50216450216439,0.8660254037844387,-0.4999999999999998,0.8660254037844386,0.5000000000000001
2022-01-05 09:00:00,82.88528138528127,0.7071067811865476,-0.7071067811865475,0.8660254037844386,0.5000000000000001
2022-01-05 10:00:00,80.30519480519469,0.49999999999999994,-0.8660254037844387,0.8660254037844386,0.5000000000000001
2022-01-05 11:00:00,78.58658008657997,0.258819045102521,-0.9659258262890682,0.8660254037844386,0.5000000000000001
2022-01-05 12:00:00,78.4025974025973,1.2246467991473532e-16,-1.0,0.8660254037844386,0.5000000000000001
2022-01-05 13:00:00,79.58225108225096,-0.2588190451025208,-0.9659258262890683,0.8660254037844386,0.5000000000000001
2022-01-05 14:00:00,81.44588744588734,-0.4999999999999997,-0.8660254037844388,0.8660254037844386,0.5000000000000001
2022-01-05 15:00:00,83.49134199134187,-0.7071067811865471,-0.7071067811865479,0.8660254037844386,0.5000000000000001
2022-01-05 16:00:00,86.29870129870118,-0.8660254037844385,-0.5000000000000004,0.8660254037844386,0.5000000000000001
2022-01-05 17:00:00,89.65151515151503,-0.9659258262890683,-0.25881904510252063,0.8660254037844386,0.5000000000000001
2022-01-05 18:00:00,93.07359307359296,-1.0,-1.8369701987210297e-16,0.8660254037844386,0.5000000000000001
2022-01-05 19:00:00,96.32683982683967,-0.9659258262890684,0.2588190451025203,0.8660254037844386,0.5000000000000001
2022-01-05 20:00:00,98.99999999999986,-0.8660254037844386,0.5000000000000001,0.8660254037844386,0.5000000000000001
2022-01-05 21:00:00,100.82683982683967,-0.7071067811865477,0.7071067811865474,0.8660254037844386,0.5000000000000001
2022-01-05 22:00:00,101.4437229437228,-0.5000000000000004,0.8660254037844384,0.8660254037844386,0.5000000000000001
2022-01-05 23:00:00,100.49134199134186,-0.25881904510252157,0.9659258262890681,0.8660254037844386,0.5000000000000001
2022-01-06 00:00:00,98.91774891774878,0.0,1.0,0.9510565162951535,0.30901699437494745
2022-01-06 01:00:00,96.88528138528125,0.25881904510252074,0.9659258262890683,0.9510565162951535,0.30901699437494745
2022-01-06 02:00:00,94.35064935064922,0.49999999999999994,0.8660254037844387,0.9510565162951535,0.30901699437494745
2022-01-06 03:00:00,91.24891774891762,0.7071067811865476,0.7071067811865476,0.9510565162951535,0.30901699437494745
2022-01-06 04:00:00,87.9112554112553,0.8660254037844386,0.5000000000000001,0.9510565162951535,0.30901699437494745
2022-01-06 05:00:00,85.0151515151514,0.9659258262890683,0.25881904510252074,0.9510565162951535,0.30901699437494745
2022-01-06 06:00:00,82.24025974025963,1.0,6.123233995736766e-17,0.9510565162951535,0.30901699437494745
2022-01-06 07:00:00,79.79004329004317,0.9659258262890683,-0.25881904510252063,0.9510565162951535,0.30901699437494745
2022-01-06 08:00:00,77.8116883116882,0.8660254037844387,-0.4999999999999998,0.9510565162951535,0.30901699437494745
2022-01-06 09:00:00,76.35281385281374,0.7071067811865476,-0.7071067811865475,0.9510565162951535,0.30901699437494745
2022-01-06 10:00:00,75.48484848484838,0.49999999999999994,-0.8660254037844387,0.9510565162951535,0.30901699437494745
2022-01-06 11:00:00,75.21428571428561,0.258819045102521,-0.9659258262890682,0.9510565162951535,0.30901699437494745
2022-01-06 12:00:00,75.77705627705618,1.2246467991473532e-16,-1.0,0.9510565162951535,0.30901699437494745
2022-01-06 13:00:00,77.25324675324664,-0.2588190451025208,-0.9659258262890683,0.9510565162951535,0.30901699437494745
2022-01-06 14:00:00,80.58225108225096,-0.4999999999999997,-0.8660254037844388,0.9510565162951535,0.30901699437494745
2022-01-06 15:00:00,84.90043290043278,-0.7071067811865471,-0.7071067811865479,0.9510565162951535,0.30901699437494745
2022-01-06 16:00:00,91.24891774891762,-0.8660254037844385,-0.5000000000000004,0.9510565162951535,0.30901699437494745
2022-01-06 17:00:00,99.61471861471848,-0.9659258262890683,-0.25881904510252063,0.9510565162951535,0.30901699437494745
2022-01-06 18:00:00,106.90476190476176,-1.0,-1.8369701987210297e-16,0.9510565162951535,0.30901699437494745
2022-01-06 19:00:00,111.96536796536782,-0.9659258262890684,0.2588190451025203,0.9510565162951535,0.30901699437494745
2022-01-06 20:00:00,113.96320346320331,-0.8660254037844386,0.5000000000000001,0.9510565162951535,0.30901699437494745
2022-01-06 21:00:00,113.0476190476189,-0.7071067811865477,0.7071067811865474,0.9510565162951535,0.30901699437494745
2022-01-06 22:00:00,110.72943722943708,-0.5000000000000004,0.8660254037844384,0.9510565162951535,0.30901699437494745
2022-01-06 23:00:00,107.46969696969684,-0.25881904510252157,0.9659258262890681,0.9510565162951535,0.30901699437494745
2022-01-07 00:00:00,106.09740259740246,0.0,1.0,0.9945218953682733,0.10452846326765346
2022-01-07 01:00:00,102.38528138528125,0.25881904510252074,0.9659258262890683,0.9945218953682733,0.10452846326765346
2022-01-07 02:00:00,98.79437229437217,0.49999999999999994,0.8660254037844387,0.9945218953682733,0.10452846326765346
2022-01-07 03:00:00,95.91125541125528,0.7071067811865476,0.7071067811865476,0.9945218953682733,0.10452846326765346
2022-01-07 04:00:00,93.80303030303016,0.8660254037844386,0.5000000000000001,0.9945218953682733,0.10452846326765346
2022-01-07 05:00:00,92.2272727272726,0.9659258262890683,0.25881904510252074,0.9945218953682733,0.10452846326765346
2022-01-07 06:00:00,92.0324675324674,1.0,6.123233995736766e-17,0.9945218953682733,0.10452846326765346
2022-01-07 07:00:00,93.56818181818169,0.9659258262890683,-0.25881904510252063,0.9945218953682733,0.10452846326765346
2022-01-07 08:00:00,96.21645021645008,0.8660254037844387,-0.4999999999999998,0.9945218953682733,0.10452846326765346
2022-01-07 09:00:00,96.53354978354965,0.7071067811865476,-0.7071067811865475,0.9945218953682733,0.10452846326765346
2022-01-07 10:00:00,99.48268398268384,0.49999999999999994,-0.8660254037844387,0.9945218953682733,0.10452846326765346
2022-01-07 11:00:00,102.91450216450204,0.258819045102521,-0.9659258262890682,0.9945218953682733,0.10452846326765346
2022-01-07 12:00:00,106.37229437229422,1.2246467991473532e-16,-1.0,0.9945218953682733,0.10452846326765346
2022-01-07 13:00:00,109.22619047619033,-0.2588190451025208,-0.9659258262890683,0.9945218953682733,0.10452846326765346
2022-01-07 14:00:00,112.11904761904748,-0.4999999999999997,-0.8660254037844388,0.9945218953682733,0.10452846326765346
2022-01-07 15:00:00,114.58982683982669,-0.7071067811865471,-0.7071067811865479,0.9945218953682733,0.10452846326765346
2022-01-07 16:00:00,117.19047619047603,-0.8660254037844385,-0.5000000000000004,0.9945218953682733,0.10452846326765346
2022-01-07 17:00:00,119.89826839826824,-0.9659258262890683,-0.25881904510252063,0.9945218953682733,0.10452846326765346
2022-01-07 18:00:00,122.80519480519465,-1.0,-1.8369701987210297e-16,0.9945218953682733,0.10452846326765346
2022-01-07 19:00:00,124.25757575757558,-0.9659258262890684,0.2588190451025203,0.9945218953682733,0.10452846326765346
2022-01-07 20:00:00,124.2813852813851,-0.8660254037844386,0.5000000000000001,0.9945218953682733,0.10452846326765346
2022-01-07 21:00:00,122.94155844155829,-0.7071067811865477,0.7071067811865474,0.9945218953682733,0.10452846326765346
2022-01-07 22:00:00,120.07359307359292,-0.5000000000000004,0.8660254037844384,0.9945218953682733,0.10452846326765346
2022-01-07 23:00:00,115.82034632034616,-0.25881904510252157,0.9659258262890681,0.9945218953682733,0.10452846326765346
2022-01-08 00:00:00,109.32900432900418,0.0,1.0,0.9945218953682734,-0.10452846326765333
2022-01-08 01:00:00,102.9393939393938,0.25881904510252074,0.9659258262890683,0.9945218953682734,-0.10452846326765333
2022-01-08 02:00:00,97.60173160173149,0.49999999999999994,0.8660254037844387,0.9945218953682734,-0.10452846326765333
2022-01-08 03:00:00,94.41774891774878,0.7071067811865476,0.7071067811865476,0.9945218953682734,-0.10452846326765333
2022-01-08 04:00:00,93.8203463203462,0.8660254037844386,0.5000000000000001,0.9945218953682734,-0.10452846326765333
2022-01-08 05:00:00,95.4242424242423,0.9659258262890683,0.25881904510252074,0.9945218953682734,-0.10452846326765333
2022-01-08 06:00:00,99.59523809523796,1.0,6.123233995736766e-17,0.9945218953682734,-0.10452846326765333
2022-01-08 07:00:00,105.634199134199,0.9659258262890683,-0.25881904510252063,0.9945218953682734,-0.10452846326765333
2022-01-08 08:00:00,111.0454545454544,0.8660254037844387,-0.4999999999999998,0.9945218953682734,-0.10452846326765333
2022-01-08 09:00:00,116.51082251082236,0.7071067811865476,-0.7071067811865475,0.9945218953682734,-0.10452846326765333
2022-01-08 10:00:00,121.24891774891758,0.49999999999999994,-0.8660254037844387,0.9945218953682734,-0.10452846326765333
2022-01-08 11:00:00,125.45454545454528,0.258819045102521,-0.9659258262890682,0.9945218953682734,-0.10452846326765333
2022-01-08 12:00:00,127.83982683982669,1.2246467991473532e-16,-1.0,0.9945218953682734,-0.10452846326765333
2022-01-08 13:00:00,128.42424242424224,-0.2588190451025208,-0.9659258262890683,0.9945218953682734,-0.10452846326765333
2022-01-08 14:00:00,128.64718614718595,-0.4999999999999997,-0.8660254037844388,0.9945218953682734,-0.10452846326765333
2022-01-08 15:00:00,128.55844155844136,-0.7071067811865471,-0.7071067811865479,0.9945218953682734,-0.10452846326765333
2022-01-08 16:00:00,128.64285714285697,-0.8660254037844385,-0.5000000000000004,0.9945218953682734,-0.10452846326765333
2022-01-08 17:00:00,128.95454545454527,-0.9659258262890683,-0.25881904510252063,0.9945218953682734,-0.10452846326765333
2022-01-08 18:00:00,129.64935064935048,-1.0,-1.8369701987210297e-16,0.9945218953682734,-0.10452846326765333
2022-01-08 19:00:00,130.36580086580068,-0.9659258262890684,0.2588190451025203,0.9945218953682734,-0.10452846326765333
2022-01-08 20:00:00,130.73376623376606,-0.8660254037844386,0.5000000000000001,0.9945218953682734,-0.10452846326765333
2022-01-08 21:00:00,130.194805194805,-0.7071067811865477,0.7071067811865474,0.9945218953682734,-0.10452846326765333
2022-01-08 22:00:00,128.3831168831167,-0.5000000000000004,0.8660254037844384,0.9945218953682734,-0.10452846326765333
2022-01-08 23:00:00,125.23160173160156,-0.25881904510252157,0.9659258262890681,0.9945218953682734,-0.10452846326765333
2022-01-09 00:00:00,119.9740259740258,0.0,1.0,0.9510565162951536,-0.30901699437494734
2022-01-09 01:00:00,114.66883116883102,0.25881904510252074,0.9659258262890683,0.9510565162951536,-0.30901699437494734
2022-01-09 02:00:00,109.54329004328989,0.49999999999999994,0.8660254037844387,0.9510565162951536,-0.30901699437494734
2022-01-09 03:00:00,105.76406926406912,0.7071067811865476,0.7071067811865476,0.9510565162951536,-0.30901699437494734
2022-01-09 04:00:00,103.99350649350636,0.8660254037844386,0.5000000000000001,0.9510565162951536,-0.30901699437494734
2022-01-09 05:00:00,103.88095238095224,0.9659258262890683,0.25881904510252074,0.9510565162951536,-0.30901699437494734
2022-01-09 06:00:00,105.78354978354965,1.0,6.123233995736766e-17,0.9510565162951536,-0.30901699437494734
2022-01-09 07:00:00,109.53246753246738,0.9659258262890683,-0.25881904510252063,0.9510565162951536,-0.30901699437494734
2022-01-09 08:00:00,113.61904761904744,0.8660254037844387,-0.4999999999999998,0.9510565162951536,-0.30901699437494734
2022-01-09 09:00:00,119.19696969696952,0.7071067811865476,-0.7071067811865475,0.9510565162951536,-0.30901699437494734
2022-01-09 10:00:00,125.00865800865785,0.49999999999999994,-0.8660254037844387,0.9510565162951536,-0.30901699437494734
2022-01-09 11:00:00,130.85281385281368,0.258819045102521,-0.9659258262890682,0.9510565162951536,-0.30901699437494734
2022-01-09 12:00:00,135.65584415584397,1.2246467991473532e-16,-1.0,0.9510565162951536,-0.30901699437494734
2022-01-09 13:00:00,138.81385281385263,-0.2588190451025208,-0.9659258262890683,0.9510565162951536,-0.30901699437494734
2022-01-09 14:00:00,140.74025974025955,-0.4999999999999997,-0.8660254037844388,0.9510565162951536,-0.30901699437494734
2022-01-09 15:00:00,142.0021645021643,-0.7071067811865471,-0.7071067811865479,0.9510565162951536,-0.30901699437494734
2022-01-09 16:00:00,142.77922077922057,-0.8660254037844385,-0.5000000000000004,0.9510565162951536,-0.30901699437494734
2022-01-09 17:00:00,143.46969696969677,-0.9659258262890683,-0.25881904510252063,0.9510565162951536,-0.30901699437494734
2022-01-09 18:00:00,143.93939393939374,-1.0,-1.8369701987210297e-16,0.9510565162951536,-0.30901699437494734
2022-01-09 19:00:00,144.0887445887444,-0.9659258262890684,0.2588190451025203,0.9510565162951536,-0.30901699437494734
2022-01-09 20:00:00,143.25974025974006,-0.8660254037844386,0.5000000000000001,0.9510565162951536,-0.30901699437494734
2022-01-09 21:00:00,141.56493506493484,-0.7071067811865477,0.7071067811865474,0.9510565162951536,-0.30901699437494734
2022-01-09 22:00:00,139.36363636363618,-0.5000000000000004,0.8660254037844384,0.9510565162951536,-0.30901699437494734
2022-01-09 23:00:00,134.04329004328986,-0.25881904510252157,0.9659258262890681,0.9510565162951536,-0.30901699437494734
