,Colour(t-23),Colour(t-22),Colour(t-21),Colour(t-20),Colour(t-19),Colour(t-18),Colour(t-17),Colour(t-16),Colour(t-15),Colour(t-14),Colour(t-13),Colour(t-12),Colour(t-11),Colour(t-10),Colour(t-9),Colour(t-8),Colour(t-7),Colour(t-6),Colour(t-5),Colour(t-4),Colour(t-3),Colour(t-2),Colour(t-1),Colour(t),Colour(t+1),Colour(t+2),Colour(t+3)
0,95.5,95.0,90.0,89.5,88.5,86.5,87.5,90.5,93.0,102.5,111.5,114.5,118.0,120.0,121.5,120.0,119.5,122.0,124.5,125.5,126.5,127.0,123.0,120.5,118.0,114.5,112.5
1,95.0,90.0,89.5,88.5,86.5,87.5,90.5,93.0,102.5,111.5,114.5,118.0,120.0,121.5,120.0,119.5,122.0,124.5,125.5,126.5,127.0,123.0,120.5,118.0,114.5,112.5,92.5
2,90.0,89.5,88.5,86.5,87.5,90.5,93.0,102.5,111.5,114.5,118.0,120.0,121.5,120.0,119.5,122.0,124.5,125.5,126.5,127.0,123.0,120.5,118.0,114.5,112.5,92.5,104.0
3,89.5,88.5,86.5,87.5,90.5,93.0,102.5,111.5,114.5,118.0,120.0,121.5,120.0,119.5,122.0,124.5,125.5,126.5,127.0,123.0,120.5,118.0,114.5,112.5,92.5,104.0,104.0
4,88.5,86.5,87.5,90.5,93.0,102.5,111.5,114.5,118.0,120.0,121.5,120.0,119.5,122.0,124.5,125.5,126.5,127.0,123.0,120.5,118.0,114.5,112.5,92.5,104.0,104.0,105.5
5,86.5,87.5,90.5,93.0,102.5,111.5,114.5,118.0,120.0,121.5,120.0,119.5,122.0,124.5,125.5,126.5,127.0,123.0,120.5,118.0,114.5,112.5,92.5,104.0,104.0,105.5,107.0
6,87.5,90.5,93.0,102.5,111.5,114.5,118.0,120.0,121.5,120.0,119.5,122.0,124.5,125.5,126.5,127.0,123.0,120.5,118.0,114.5,112.5,92.5,104.0,104.0,105.5,107.0,110.0
7,90.5,93.0,102.5,111.5,114.5,118.0,120.0,121.5,120.0,119.5,122.0,124.5,125.5,126.5,127.0,123.0,120.5,118.0,114.5,112.5,92.5,104.0,104.0,105.5,107.0,110.0,118.5
8,93.0,102.5,111.5,114.5,118.0,120.0,121.5,120.0,119.5,122.0,124.5,125.5,126.5,127.0,123.0,120.5,118.0,114.5,112.5,92.5,104.0,104.0,105.5,107.0,110.0,118.5,116.5
9,102.5,111.5,114.5,118.0,120.0,121.5,120.0,119.5,122.0,124.5,125.5,126.5,127.0,123.0,120.5,118.0,114.5,112.5,92.5,104.0,104.0,105.5,107.0,110.0,118.5,116.5,117.5
10,111.5,114.5,118.0,120.0,121.5,120.0,119.5,122.0,124.5,125.5,126.5,127.0,123.0,120.5,118.0,114.5,112.5,92.5,104.0,104.0,105.5,107.0,110.0,118.5,116.5,117.5,120.0
11,114.5,118.0,120.0,121.5,120.0,119.5,122.0,124.5,125.5,126.5,127.0,123.0,120.5,118.0,114.5,112.5,92.5,104.0,104.0,105.5,107.0,110.0,118.5,116.5,117.5,120.0,116.5
12,118.0,120.0,121.5,120.0,119.5,122.0,124.5,125.5,126.5,127.0,123.0,120.5,118.0,114.5,112.5,92.5,104.0,104.0,105.5,107.0,110.0,118.5,116.5,117.5,120.0,116.5,112.5
13,120.0,121.5,120.0,119.5,122.0,124.5,125.5,126.5,127.0,123.0,120.5,118.0,114.5,112.5,92.5,104.0,104.0,105.5,107.0,110.0,118.5,116.5,117.5,120.0,116.5,112.5,113.5
14,121.5,120.0,119.5,122.0,124.5,125.5,126.5,127.0,123.0,120.5,118.0,114.5,112.5,92.5,104.0,104.0,105.5,107.0,110.0,118.5,116.5,117.5,120.0,116.5,112.5,113.5,113.0
15,120.0,119.5,122.0,124.5,125.5,126.5,127.0,123.0,120.5,118.0,114.5,112.5,92.5,104.0,104.0,105.5,107.0,110.0,118.5,116.5,117.5,120.0,116.5,112.5,113.5,113.0,111.0
16,119.5,122.0,124.5,125.5,126.5,127.0,123.0,120.5,118.0,114.5,112.5,92.5,104.0,104.0,105.5,107.0,110.0,118.5,116.5,117.5,120.0,116.5,112.5,113.5,113.0,111.0,109.5
17,122.0,124.5,125.5,126.5,127.0,123.0,120.5,118.0,114.5,112.5,92.5,104.0,104.0,105.5,107.0,110.0,118.5,116.5,117.5,120.0,116.5,112.5,113.5,113.0,111.0,109.5,110.0
18,124.5,125.5,126.5,127.0,123.0,120.5,118.0,114.5,112.5,92.5,104.0,104.0,105.5,107.0,110.0,118.5,116.5,117.5,120.0,116.5,112.5,113.5,113.0,111.0,109.5,110.0,109.5
19,125.5,126.5,127.0,123.0,120.5,118.0,114.5,112.5,92.5,104.0,104.0,105.5,107.0,110.0,118.5,116.5,117.5,120.0,116.5,112.5,113.5,113.0,111.0,109.5,110.0,109.5,109.0
20,126.5,127.0,123.0,120.5,118.0,114.5,112.5,92.5,104.0,104.0,105.5,107.0,110.0,118.5,116.5,117.5,120.0,116.5,112.5,113.5,113.0,111.0,109.5,110.0,109.5,109.0,108.0
21,127.0,123.0,120.5,118.0,114.5,112.5,92.5,104.0,104.0,105.5,107.0,110.0,118.5,116.5,117.5,120.0,116.5,112.5,113.5,113.0,111.0,109.5,110.0,109.5,109.0,108.0,107.0
22,123.0,120.5,118.0,114.5,112.5,92.5,104.0,104.0,105.5,107.0,110.0,118.5,116.5,117.5,120.0,116.5,112.5,113.5,113.0,111.0,109.5,110.0,109.5,109.0,108.0,107.0,107.0
23,120.5,118.0,114.5,112.5,92.5,104.0,104.0,105.5,107.0,110.0,118.5,116.5,117.5,120.0,116.5,112.5,113.5,113.0,111.0,109.5,110.0,109.5,109.0,108.0,107.0,107.0,105.0
24,118.0,114.5,112.5,92.5,104.0,104.0,105.5,107.0,110.0,118.5,116.5,117.5,120.0,116.5,112.5,113.5,113.0,111.0,109.5,110.0,109.5,109.0,108.0,107.0,107.0,105.0,102.5
25,114.5,112.5,92.5,104.0,104.0,105.5,107.0,110.0,118.5,116.5,117.5,120.0,116.5,112.5,113.5,113.0,111.0,109.5,110.0,109.5,109.0,108.0,107.0,107.0,105.0,102.5,102.0
26,112.5,92.5,104.0,104.0,105.5,107.0,110.0,118.5,116.5,117.5,120.0,116.5,112.5,113.5,113.0,111.0,109.5,110.0,109.5,109.0,108.0,107.0,107.0,105.0,102.5,102.0,97.0
27,92.5,104.0,104.0,105.5,107.0,110.0,118.5,116.5,117.5,120.0,116.5,112.5,113.5,113.0,111.0,109.5,110.0,109.5,109.0,108.0,107.0,107.0,105.0,102.5,102.0,97.0,98.0
28,104.0,104.0,105.5,107.0,110.0,118.5,116.5,117.5,120.0,116.5,112.5,113.5,113.0,111.0,109.5,110.0,109.5,109.0,108.0,107.0,107.0,105.0,102.5,102.0,97.0,98.0,99.0
29,104.0,105.5,107.0,110.0,118.5,116.5,117.5,120.0,116.5,112.5,113.5,113.0,111.0,109.5,110.0,109.5,109.0,108.0,107.0,107.0,105.0,102.5,102.0,97.0,98.0,99.0,101.0
30,105.5,107.0,110.0,118.5,116.5,117.5,120.0,116.5,112.5,113.5,113.0,111.0,109.5,110.0,109.5,109.0,108.0,107.0,107.0,105.0,102.5,102.0,97.0,98.0,99.0,101.0,103.0
31,107.0,110.0,118.5,116.5,117.5,120.0,116.5,112.5,113.5,113.0,111.0,109.5,110.0,109.5,109.0,108.0,107.0,107.0,105.0,102.5,102.0,97.0,98.0,99.0,101.0,103.0,108.5
32,110.0,118.5,116.5,117.5,120.0,116.5,112.5,113.5,113.0,111.0,109.5,110.0,109.5,109.0,108.0,107.0,107.0,105.0,102.5,102.0,97.0,98.0,99.0,101.0,103.0,108.5,115.0
33,118.5,116.5,117.5,120.0,116.5,112.5,113.5,113.0,111.0,109.5,110.0,109.5,109.0,108.0,107.0,107.0,105.0,102.5,102.0,97.0,98.0,99.0,101.0,103.0,108.5,115.0,117.5
34,116.5,117.5,120.0,116.5,112.5,113.5,113.0,111.0,109.5,110.0,109.5,109.0,108.0,107.0,107.0,105.0,102.5,102.0,97.0,98.0,99.0,101.0,103.0,108.5,115.0,117.5,119.0
35,117.5,120.0,116.5,112.5,113.5,113.0,111.0,109.5,110.0,109.5,109.0,108.0,107.0,107.0,105.0,102.5,102.0,97.0,98.0,99.0,101.0,103.0,108.5,115.0,117.5,119.0,118.5
36,120.0,116.5,112.5,113.5,113.0,111.0,109.5,110.0,109.5,109.0,108.0,107.0,107.0,105.0,102.5,102.0,97.0,98.0,99.0,101.0,103.0,108.5,115.0,117.5,119.0,118.5,117.0
37,116.5,112.5,113.5,113.0,111.0,109.5,110.0,109.5,109.0,108.0,107.0,107.0,105.0,102.5,102.0,97.0,98.0,99.0,101.0,103.0,108.5,115.0,117.5,119.0,118.5,117.0,118.0
38,112.5,113.5,113.0,111.0,109.5,110.0,109.5,109.0,108.0,107.0,107.0,105.0,102.5,102.0,97.0,98.0,99.0,101.0,103.0,108.5,115.0,117.5,119.0,118.5,117.0,118.0,119.5
39,113.5,113.0,111.0,109.5,110.0,109.5,109.0,108.0,107.0,107.0,105.0,102.5,102.0,97.0,98.0,99.0,101.0,103.0,108.5,115.0,117.5,119.0,118.5,117.0,118.0,119.5,121.5
40,113.0,111.0,109.5,110.0,109.5,109.0,108.0,107.0,107.0,105.0,102.5,102.0,97.0,98.0,99.0,101.0,103.0,108.5,115.0,117.5,119.0,118.5,117.0,118.0,119.5,121.5,122.5
41,111.0,109.5,110.0,109.5,109.0,108.0,107.0,107.0,105.0,102.5,102.0,97.0,98.0,99.0,101.0,103.0,108.5,115.0,117.5,119.0,118.5,117.0,118.0,119.5,121.5,122.5,123.5
42,109.5,110.0,109.5,109.0,108.0,107.0,107.0,105.0,102.5,102.0,97.0,98.0,99.0,101.0,103.0,108.5,115.0,117.5,119.0,118.5,117.0,118.0,119.5,121.5,122.5,123.5,125.5
43,110.0,109.5,109.0,108.0,107.0,107.0,105.0,102.5,102.0,97.0,98.0,99.0,101.0,103.0,108.5,115.0,117.5,119.0,118.5,117.0,118.0,119.5,121.5,122.5,123.5,125.5,124.5
44,109.5,109.0,108.0,107.0,107.0,105.0,102.5,102.0,97.0,98.0,99.0,101.0,103.0,108.5,115.0,117.5,119.0,118.5,117.0,118.0,119.5,121.5,122.5,123.5,125.5,124.5,123.5
45,109.0,108.0,107.0,107.0,105.0,102.5,102.0,97.0,98.0,99.0,101.0,103.0,108.5,115.0,117.5,119.0,118.5,117.0,118.0,119.5,121.5,122.5,123.5,125.5,124.5,123.5,122.0
46,108.0,107.0,107.0,105.0,102.5,102.0,97.0,98.0,99.0,101.0,103.0,108.5,115.0,117.5,119.0,118.5,117.0,118.0,119.5,121.5,122.5,123.5,125.5,124.5,123.5,122.0,121.0
47,107.0,107.0,105.0,102.5,102.0,97.0,98.0,99.0,101.0,103.0,108.5,115.0,117.5,119.0,118.5,117.0,118.0,119.5,121.5,122.5,123.5,125.5,124.5,123.5,122.0,121.0,119.5
48,107.0,105.0,102.5,102.0,97.0,98.0,99.0,101.0,103.0,108.5,115.0,117.5,119.0,118.5,117.0,118.0,119.5,121.5,122.5,123.5,125.5,124.5,123.5,122.0,121.0,119.5,115.5
49,105.0,102.5,102.0,97.0,98.0,99.0,101.0,103.0,108.5,115.0,117.5,119.0,118.5,117.0,118.0,119.5,121.5,122.5,123.5,125.5,124.5,123.5,122.0,121.0,119.5,115.5,109.5
50,102.5,102.0,97.0,98.0,99.0,101.0,103.0,108.5,115.0,117.5,119.0,118.5,117.0,118.0,119.5,121.5,122.5,123.5,125.5,124.5,123.5,122.0,121.0,119.5,115.5,109.5,105.5
51,102.0,97.0,98.0,99.0,101.0,103.0,108.5,115.0,117.5,119.0,118.5,117.0,118.0,119.5,121.5,122.5,123.5,125.5,124.5,123.5,122.0,121.0,119.5,115.5,109.5,105.5,104.5
52,97.0,98.0,99.0,101.0,103.0,108.5,115.0,117.5,119.0,118.5,117.0,118.0,119.5,121.5,122.5,123.5,125.5,124.5,123.5,122.0,121.0,119.5,115.5,109.5,105.5,104.5,106.5
53,98.0,99.0,101.0,103.0,108.5,115.0,117.5,119.0,118.5,117.0,118.0,119.5,121.5,122.5,123.5,125.5,124.5,123.5,122.0,121.0,119.5,115.5,109.5,105.5,104.5,106.5,106.0
54,99.0,101.0,103.0,108.5,115.0,117.5,119.0,118.5,117.0,118.0,119.5,121.5,122.5,123.5,125.5,124.5,123.5,122.0,121.0,119.5,115.5,109.5,105.5,104.5,106.5,106.0,104.5
55,101.0,103.0,108.5,115.0,117.5,119.0,118.5,117.0,118.0,119.5,121.5,122.5,123.5,125.5,124.5,123.5,122.0,121.0,119.5,115.5,109.5,105.5,104.5,106.5,106.0,104.5,110.5
56,103.0,108.5,115.0,117.5,119.0,118.5,117.0,118.0,119.5,121.5,122.5,123.5,125.5,124.5,123.5,122.0,121.0,119.5,115.5,109.5,105.5,104.5,106.5,106.0,104.5,110.5,117.5
57,108.5,115.0,117.5,119.0,118.5,117.0,118.0,119.5,121.5,122.5,123.5,125.5,124.5,123.5,122.0,121.0,119.5,115.5,109.5,105.5,104.5,106.5,106.0,104.5,110.5,117.5,120.0
58,115.0,117.5,119.0,118.5,117.0,118.0,119.5,121.5,122.5,123.5,125.5,124.5,123.5,122.0,121.0,119.5,115.5,109.5,105.5,104.5,106.5,106.0,104.5,110.5,117.5,120.0,121.0
59,117.5,119.0,118.5,117.0,118.0,119.5,121.5,122.5,123.5,125.5,124.5,123.5,122.0,121.0,119.5,115.5,109.5,105.5,104.5,106.5,106.0,104.5,110.5,117.5,120.0,121.0,122.5
60,119.0,118.5,117.0,118.0,119.5,121.5,122.5,123.5,125.5,124.5,123.5,122.0,121.0,119.5,115.5,109.5,105.5,104.5,106.5,106.0,104.5,110.5,117.5,120.0,121.0,122.5,122.5
61,118.5,117.0,118.0,119.5,121.5,122.5,123.5,125.5,124.5,123.5,122.0,121.0,119.5,115.5,109.5,105.5,104.5,106.5,106.0,104.5,110.5,117.5,120.0,121.0,122.5,122.5,123.0
62,117.0,118.0,119.5,121.5,122.5,123.5,125.5,124.5,123.5,122.0,121.0,119.5,115.5,109.5,105.5,104.5,106.5,106.0,104.5,110.5,117.5,120.0,121.0,122.5,122.5,123.0,123.0
63,118.0,119.5,121.5,122.5,123.5,125.5,124.5,123.5,122.0,121.0,119.5,115.5,109.5,105.5,104.5,106.5,106.0,104.5,110.5,117.5,120.0,121.0,122.5,122.5,123.0,123.0,123.0
64,119.5,121.5,122.5,123.5,125.5,124.5,123.5,122.0,121.0,119.5,115.5,109.5,105.5,104.5,106.5,106.0,104.5,110.5,117.5,120.0,121.0,122.5,122.5,123.0,123.0,123.0,121.5
65,121.5,122.5,123.5,125.5,124.5,123.5,122.0,121.0,119.5,115.5,109.5,105.5,104.5,106.5,106.0,104.5,110.5,117.5,120.0,121.0,122.5,122.5,123.0,123.0,123.0,121.5,120.0
66,122.5,123.5,125.5,124.5,123.5,122.0,121.0,119.5,115.5,109.5,105.5,104.5,106.5,106.0,104.5,110.5,117.5,120.0,121.0,122.5,122.5,123.0,123.0,123.0,121.5,120.0,119.5
67,123.5,125.5,124.5,123.5,122.0,121.0,119.5,115.5,109.5,105.5,104.5,106.5,106.0,104.5,110.5,117.5,120.0,121.0,122.5,122.5,123.0,123.0,123.0,121.5,120.0,119.5,115.5
68,125.5,124.5,123.5,122.0,121.0,119.5,115.5,109.5,105.5,104.5,106.5,106.0,104.5,110.5,117.5,120.0,121.0,122.5,122.5,123.0,123.0,123.0,121.5,120.0,119.5,115.5,113.5
69,124.5,123.5,122.0,121.0,119.5,115.5,109.5,105.5,104.5,106.5,106.0,104.5,110.5,117.5,120.0,121.0,122.5,122.5,123.0,123.0,123.0,121.5,120.0,119.5,115.5,113.5,110.0
70,123.5,122.0,121.0,119.5,115.5,109.5,105.5,104.5,106.5,106.0,104.5,110.5,117.5,120.0,121.0,122.5,122.5,123.0,123.0,123.0,121.5,120.0,119.5,115.5,113.5,110.0,108.0
71,122.0,121.0,119.5,115.5,109.5,105.5,104.5,106.5,106.0,104.5,110.5,117.5,120.0,121.0,122.5,122.5,123.0,123.0,123.0,121.5,120.0,119.5,115.5,113.5,110.0,108.0,105.5
72,121.0,119.5,115.5,109.5,105.5,104.5,106.5,106.0,104.5,110.5,117.5,120.0,121.0,122.5,122.5,123.0,123.0,123.0,121.5,120.0,119.5,115.5,113.5,110.0,108.0,105.5,103.5
73,119.5,115.5,109.5,105.5,104.5,106.5,106.0,104.5,110.5,117.5,120.0,121.0,122.5,122.5,123.0,123.0,123.0,121.5,120.0,119.5,115.5,113.5,110.0,108.0,105.5,103.5,101.0
74,115.5,109.5,105.5,104.5,106.5,106.0,104.5,110.5,117.5,120.0,121.0,122.5,122.5,123.0,123.0,123.0,121.5,120.0,119.5,115.5,113.5,110.0,108.0,105.5,103.5,101.0,100.0
75,109.5,105.5,104.5,106.5,106.0,104.5,110.5,117.5,120.0,121.0,122.5,122.5,123.0,123.0,123.0,121.5,120.0,119.5,115.5,113.5,110.0,108.0,105.5,103.5,101.0,100.0,100.5
76,105.5,104.5,106.5,106.0,104.5,110.5,117.5,120.0,121.0,122.5,122.5,123.0,123.0,123.0,121.5,120.0,119.5,115.5,113.5,110.0,108.0,105.5,103.5,101.0,100.0,100.5,102.5
77,104.5,106.5,106.0,104.5,110.5,117.5,120.0,121.0,122.5,122.5,123.0,123.0,123.0,121.5,120.0,119.5,115.5,113.5,110.0,108.0,105.5,103.5,101.0,100.0,100.5,102.5,97.5
78,106.5,106.0,104.5,110.5,117.5,120.0,121.0,122.5,122.5,123.0,123.0,123.0,121.5,120.0,119.5,115.5,113.5,110.0,108.0,105.5,103.5,101.0,100.0,100.5,102.5,97.5,102.0
79,106.0,104.5,110.5,117.5,120.0,121.0,122.5,122.5,123.0,123.0,123.0,121.5,120.0,119.5,115.5,113.5,110.0,108.0,105.5,103.5,101.0,100.0,100.5,102.5,97.5,102.0,102.5
80,104.5,110.5,117.5,120.0,121.0,122.5,122.5,123.0,123.0,123.0,121.5,120.0,119.5,115.5,113.5,110.0,108.0,105.5,103.5,101.0,100.0,100.5,102.5,97.5,102.0,102.5,108.0
81,110.5,117.5,120.0,121.0,122.5,122.5,123.0,123.0,123.0,121.5,120.0,119.5,115.5,113.5,110.0,108.0,105.5,103.5,101.0,100.0,100.5,102.5,97.5,102.0,102.5,108.0,110.5
82,117.5,120.0,121.0,122.5,122.5,123.0,123.0,123.0,121.5,120.0,119.5,115.5,113.5,110.0,108.0,105.5,103.5,101.0,100.0,100.5,102.5,97.5,102.0,102.5,108.0,110.5,113.0
83,120.0,121.0,122.5,122.5,123.0,123.0,123.0,121.5,120.0,119.5,115.5,113.5,110.0,108.0,105.5,103.5,101.0,100.0,100.5,102.5,97.5,102.0,102.5,108.0,110.5,113.0,114.5
84,121.0,122.5,122.5,123.0,123.0,123.0,121.5,120.0,119.5,115.5,113.5,110.0,108.0,105.5,103.5,101.0,100.0,100.5,102.5,97.5,102.0,102.5,108.0,110.5,113.0,114.5,115.5
85,122.5,122.5,123.0,123.0,123.0,121.5,120.0,119.5,115.5,113.5,110.0,108.0,105.5,103.5,101.0,100.0,100.5,102.5,97.5,102.0,102.5,108.0,110.5,113.0,114.5,115.5,115.0
86,122.5,123.0,123.0,123.0,121.5,120.0,119.5,115.5,113.5,110.0,108.0,105.5,103.5,101.0,100.0,100.5,102.5,97.5,102.0,102.5,108.0,110.5,113.0,114.5,115.5,115.0,116.0
87,123.0,123.0,123.0,121.5,120.0,119.5,115.5,113.5,110.0,108.0,105.5,103.5,101.0,100.0,100.5,102.5,97.5,102.0,102.5,108.0,110.5,113.0,114.5,115.5,115.0,116.0,117.0
88,123.0,123.0,121.5,120.0,119.5,115.5,113.5,110.0,108.0,105.5,103.5,101.0,100.0,100.5,102.5,97.5,102.0,102.5,108.0,110.5,113.0,114.5,115.5,115.0,116.0,117.0,117.5
89,123.0,121.5,120.0,119.5,115.5,113.5,110.0,108.0,105.5,103.5,101.0,100.0,100.5,102.5,97.5,102.0,102.5,108.0,110.5,113.0,114.5,115.5,115.0,116.0,117.0,117.5,116.5
90,121.5,120.0,119.5,115.5,113.5,110.0,108.0,105.5,103.5,101.0,100.0,100.5,102.5,97.5,102.0,102.5,108.0,110.5,113.0,114.5,115.5,115.0,116.0,117.0,117.5,116.5,116.0
91,120.0,119.5,115.5,113.5,110.0,108.0,105.5,103.5,101.0,100.0,100.5,102.5,97.5,102.0,102.5,108.0,110.5,113.0,114.5,115.5,115.0,116.0,117.0,117.5,116.5,116.0,117.5
92,119.5,115.5,113.5,110.0,108.0,105.5,103.5,101.0,100.0,100.5,102.5,97.5,102.0,102.5,108.0,110.5,113.0,114.5,115.5,115.0,116.0,117.0,117.5,116.5,116.0,117.5,112.0
93,115.5,113.5,110.0,108.0,105.5,103.5,101.0,100.0,100.5,102.5,97.5,102.0,102.5,108.0,110.5,113.0,114.5,115.5,115.0,116.0,117.0,117.5,116.5,116.0,117.5,112.0,110.0
94,113.5,110.0,108.0,105.5,103.5,101.0,100.0,100.5,102.5,97.5,102.0,102.5,108.0,110.5,113.0,114.5,115.5,115.0,116.0,117.0,117.5,116.5,116.0,117.5,112.0,110.0,108.5
95,110.0,108.0,105.5,103.5,101.0,100.0,100.5,102.5,97.5,102.0,102.5,108.0,110.5,113.0,114.5,115.5,115.0,116.0,117.0,117.5,116.5,116.0,117.5,112.0,110.0,108.5,105.5
96,108.0,105.5,103.5,101.0,100.0,100.5,102.5,97.5,102.0,102.5,108.0,110.5,113.0,114.5,115.5,115.0,116.0,117.0,117.5,116.5,116.0,117.5,112.0,110.0,108.5,105.5,103.0
97,105.5,103.5,101.0,100.0,100.5,102.5,97.5,102.0,102.5,108.0,110.5,113.0,114.5,115.5,115.0,116.0,117.0,117.5,116.5,116.0,117.5,112.0,110.0,108.5,105.5,103.0,102.0
98,103.5,101.0,100.0,100.5,102.5,97.5,102.0,102.5,108.0,110.5,113.0,114.5,115.5,115.0,116.0,117.0,117.5,116.5,116.0,117.5,112.0,110.0,108.5,105.5,103.0,102.0,106.0
99,101.0,100.0,100.5,102.5,97.5,102.0,102.5,108.0,110.5,113.0,114.5,115.5,115.0,116.0,117.0,117.5,116.5,116.0,117.5,112.0,110.0,108.5,105.5,103.0,102.0,106.0,108.5
100,100.0,100.5,102.5,97.5,102.0,102.5,108.0,110.5,113.0,114.5,115.5,115.0,116.0,117.0,117.5,116.5,116.0,117.5,112.0,110.0,108.5,105.5,103.0,102.0,106.0,108.5,111.0
101,100.5,102.5,97.5,102.0,102.5,108.0,110.5,113.0,114.5,115.5,115.0,116.0,117.0,117.5,116.5,116.0,117.5,112.0,110.0,108.5,105.5,103.0,102.0,106.0,108.5,111.0,107.5
102,102.5,97.5,102.0,102.5,108.0,110.5,113.0,114.5,115.5,115.0,116.0,117.0,117.5,116.5,116.0,117.5,112.0,110.0,108.5,105.5,103.0,102.0,106.0,108.5,111.0,107.5,110.0
103,97.5,102.0,102.5,108.0,110.5,113.0,114.5,115.5,115.0,116.0,117.0,117.5,116.5,116.0,117.5,112.0,110.0,108.5,105.5,103.0,102.0,106.0,108.5,111.0,107.5,110.0,112.0
104,102.0,102.5,108.0,110.5,113.0,114.5,115.5,115.0,116.0,117.0,117.5,116.5,116.0,117.5,112.0,110.0,108.5,105.5,103.0,102.0,106.0,108.5,111.0,107.5,110.0,112.0,118.5
105,102.5,108.0,110.5,113.0,114.5,115.5,115.0,116.0,117.0,117.5,116.5,116.0,117.5,112.0,110.0,108.5,105.5,103.0,102.0,106.0,108.5,111.0,107.5,110.0,112.0,118.5,121.5
106,108.0,110.5,113.0,114.5,115.5,115.0,116.0,117.0,117.5,116.5,116.0,117.5,112.0,110.0,108.5,105.5,103.0,102.0,106.0,108.5,111.0,107.5,110.0,112.0,118.5,121.5,123.0
107,110.5,113.0,114.5,115.5,115.0,116.0,117.0,117.5,116.5,116.0,117.5,112.0,110.0,108.5,105.5,103.0,102.0,106.0,108.5,111.0,107.5,110.0,112.0,118.5,121.5,123.0,122.0
108,113.0,114.5,115.5,115.0,116.0,117.0,117.5,116.5,116.0,117.5,112.0,110.0,108.5,105.5,103.0,102.0,106.0,108.5,111.0,107.5,110.0,112.0,118.5,121.5,123.0,122.0,125.0
109,114.5,115.5,115.0,116.0,117.0,117.5,116.5,116.0,117.5,112.0,110.0,108.5,105.5,103.0,102.0,106.0,108.5,111.0,107.5,110.0,112.0,118.5,121.5,123.0,122.0,125.0,119.5
110,115.5,115.0,116.0,117.0,117.5,116.5,116.0,117.5,112.0,110.0,108.5,105.5,103.0,102.0,106.0,108.5,111.0,107.5,110.0,112.0,118.5,121.5,123.0,122.0,125.0,119.5,116.0
111,115.0,116.0,117.0,117.5,116.5,116.0,117.5,112.0,110.0,108.5,105.5,103.0,102.0,106.0,108.5,111.0,107.5,110.0,112.0,118.5,121.5,123.0,122.0,125.0,119.5,116.0,118.5
112,116.0,117.0,117.5,116.5,116.0,117.5,112.0,110.0,108.5,105.5,103.0,102.0,106.0,108.5,111.0,107.5,110.0,112.0,118.5,121.5,123.0,122.0,125.0,119.5,116.0,118.5,123.0
113,117.0,117.5,116.5,116.0,117.5,112.0,110.0,108.5,105.5,103.0,102.0,106.0,108.5,111.0,107.5,110.0,112.0,118.5,121.5,123.0,122.0,125.0,119.5,116.0,118.5,123.0,127.0
114,117.5,116.5,116.0,117.5,112.0,110.0,108.5,105.5,103.0,102.0,106.0,108.5,111.0,107.5,110.0,112.0,118.5,121.5,123.0,122.0,125.0,119.5,116.0,118.5,123.0,127.0,126.0
115,116.5,116.0,117.5,112.0,110.0,108.5,105.5,103.0,102.0,106.0,108.5,111.0,107.5,110.0,112.0,118.5,121.5,123.0,122.0,125.0,119.5,116.0,118.5,123.0,127.0,126.0,125.5
116,116.0,117.5,112.0,110.0,108.5,105.5,103.0,102.0,106.0,108.5,111.0,107.5,110.0,112.0,118.5,121.5,123.0,122.0,125.0,119.5,116.0,118.5,123.0,127.0,126.0,125.5,123.0
117,117.5,112.0,110.0,108.5,105.5,103.0,102.0,106.0,108.5,111.0,107.5,110.0,112.0,118.5,121.5,123.0,122.0,125.0,119.5,116.0,118.5,123.0,127.0,126.0,125.5,123.0,119.0
118,112.0,110.0,108.5,105.5,103.0,102.0,106.0,108.5,111.0,107.5,110.0,112.0,118.5,121.5,123.0,122.0,125.0,119.5,116.0,118.5,123.0,127.0,126.0,125.5,123.0,119.0,115.0
119,110.0,108.5,105.5,103.0,102.0,106.0,108.5,111.0,107.5,110.0,112.0,118.5,121.5,123.0,122.0,125.0,119.5,116.0,118.5,123.0,127.0,126.0,125.5,123.0,119.0,115.0,109.5
120,108.5,105.5,103.0,102.0,106.0,108.5,111.0,107.5,110.0,112.0,118.5,121.5,123.0,122.0,125.0,119.5,116.0,118.5,123.0,127.0,126.0,125.5,123.0,119.0,115.0,109.5,109.0
121,105.5,103.0,102.0,106.0,108.5,111.0,107.5,110.0,112.0,118.5,121.5,123.0,122.0,125.0,119.5,116.0,118.5,123.0,127.0,126.0,125.5,123.0,119.0,115.0,109.5,109.0,103.5
122,103.0,102.0,106.0,108.5,111.0,107.5,110.0,112.0,118.5,121.5,123.0,122.0,125.0,119.5,116.0,118.5,123.0,127.0,126.0,125.5,123.0,119.0,115.0,109.5,109.0,103.5,106.0
123,102.0,106.0,108.5,111.0,107.5,110.0,112.0,118.5,121.5,123.0,122.0,125.0,119.5,116.0,118.5,123.0,127.0,126.0,125.5,123.0,119.0,115.0,109.5,109.0,103.5,106.0,105.0
124,106.0,108.5,111.0,107.5,110.0,112.0,118.5,121.5,123.0,122.0,125.0,119.5,116.0,118.5,123.0,127.0,126.0,125.5,123.0,119.0,115.0,109.5,109.0,103.5,106.0,105.0,105.5
125,108.5,111.0,107.5,110.0,112.0,118.5,121.5,123.0,122.0,125.0,119.5,116.0,118.5,123.0,127.0,126.0,125.5,123.0,119.0,115.0,109.5,109.0,103.5,106.0,105.0,105.5,108.5
126,111.0,107.5,110.0,112.0,118.5,121.5,123.0,122.0,125.0,119.5,116.0,118.5,123.0,127.0,126.0,125.5,123.0,119.0,115.0,109.5,109.0,103.5,106.0,105.0,105.5,108.5,109.0
127,107.5,110.0,112.0,118.5,121.5,123.0,122.0,125.0,119.5,116.0,118.5,123.0,127.0,126.0,125.5,123.0,119.0,115.0,109.5,109.0,103.5,106.0,105.0,105.5,108.5,109.0,109.0
128,110.0,112.0,118.5,121.5,123.0,122.0,125.0,119.5,116.0,118.5,123.0,127.0,126.0,125.5,123.0,119.0,115.0,109.5,109.0,103.5,106.0,105.0,105.5,108.5,109.0,109.0,111.0
129,112.0,118.5,121.5,123.0,122.0,125.0,119.5,116.0,118.5,123.0,127.0,126.0,125.5,123.0,119.0,115.0,109.5,109.0,103.5,106.0,105.0,105.5,108.5,109.0,109.0,111.0,113.5
130,118.5,121.5,123.0,122.0,125.0,119.5,116.0,118.5,123.0,127.0,126.0,125.5,123.0,119.0,115.0,109.5,109.0,103.5,106.0,105.0,105.5,108.5,109.0,109.0,111.0,113.5,116.0
131,121.5,123.0,122.0,125.0,119.5,116.0,118.5,123.0,127.0,126.0,125.5,123.0,119.0,115.0,109.5,109.0,103.5,106.0,105.0,105.5,108.5,109.0,109.0,111.0,113.5,116.0,118.5
132,123.0,122.0,125.0,119.5,116.0,118.5,123.0,127.0,126.0,125.5,123.0,119.0,115.0,109.5,109.0,103.5,106.0,105.0,105.5,108.5,109.0,109.0,111.0,113.5,116.0,118.5,119.0
133,122.0,125.0,119.5,116.0,118.5,123.0,127.0,126.0,125.5,123.0,119.0,115.0,109.5,109.0,103.5,106.0,105.0,105.5,108.5,109.0,109.0,111.0,113.5,116.0,118.5,119.0,119.5
134,125.0,119.5,116.0,118.5,123.0,127.0,126.0,125.5,123.0,119.0,115.0,109.5,109.0,103.5,106.0,105.0,105.5,108.5,109.0,109.0,111.0,113.5,116.0,118.5,119.0,119.5,121.0
135,119.5,116.0,118.5,123.0,127.0,126.0,125.5,123.0,119.0,115.0,109.5,109.0,103.5,106.0,105.0,105.5,108.5,109.0,109.0,111.0,113.5,116.0,118.5,119.0,119.5,121.0,122.5
136,116.0,118.5,123.0,127.0,126.0,125.5,123.0,119.0,115.0,109.5,109.0,103.5,106.0,105.0,105.5,108.5,109.0,109.0,111.0,113.5,116.0,118.5,119.0,119.5,121.0,122.5,123.0
137,118.5,123.0,127.0,126.0,125.5,123.0,119.0,115.0,109.5,109.0,103.5,106.0,105.0,105.5,108.5,109.0,109.0,111.0,113.5,116.0,118.5,119.0,119.5,121.0,122.5,123.0,123.0
138,123.0,127.0,126.0,125.5,123.0,119.0,115.0,109.5,109.0,103.5,106.0,105.0,105.5,108.5,109.0,109.0,111.0,113.5,116.0,118.5,119.0,119.5,121.0,122.5,123.0,123.0,123.0
139,127.0,126.0,125.5,123.0,119.0,115.0,109.5,109.0,103.5,106.0,105.0,105.5,108.5,109.0,109.0,111.0,113.5,116.0,118.5,119.0,119.5,121.0,122.5,123.0,123.0,123.0,122.0
140,126.0,125.5,123.0,119.0,115.0,109.5,109.0,103.5,106.0,105.0,105.5,108.5,109.0,109.0,111.0,113.5,116.0,118.5,119.0,119.5,121.0,122.5,123.0,123.0,123.0,122.0,117.5
141,125.5,123.0,119.0,115.0,109.5,109.0,103.5,106.0,105.0,105.5,108.5,109.0,109.0,111.0,113.5,116.0,118.5,119.0,119.5,121.0,122.5,123.0,123.0,123.0,122.0,117.5,115.5
142,123.0,119.0,115.0,109.5,109.0,103.5,106.0,105.0,105.5,108.5,109.0,109.0,111.0,113.5,116.0,118.5,119.0,119.5,121.0,122.5,123.0,123.0,123.0,122.0,117.5,115.5,114.0
143,119.0,115.0,109.5,109.0,103.5,106.0,105.0,105.5,108.5,109.0,109.0,111.0,113.5,116.0,118.5,119.0,119.5,121.0,122.5,123.0,123.0,123.0,122.0,117.5,115.5,114.0,110.0
144,115.0,109.5,109.0,103.5,106.0,105.0,105.5,108.5,109.0,109.0,111.0,113.5,116.0,118.5,119.0,119.5,121.0,122.5,123.0,123.0,123.0,122.0,117.5,115.5,114.0,110.0,108.5
145,109.5,109.0,103.5,106.0,105.0,105.5,108.5,109.0,109.0,111.0,113.5,116.0,118.5,119.0,119.5,121.0,122.5,123.0,123.0,123.0,122.0,117.5,115.5,114.0,110.0,108.5,109.0
146,109.0,103.5,106.0,105.0,105.5,108.5,109.0,109.0,111.0,113.5,116.0,118.5,119.0,119.5,121.0,122.5,123.0,123.0,123.0,122.0,117.5,115.5,114.0,110.0,108.5,109.0,106.5
147,103.5,106.0,105.0,105.5,108.5,109.0,109.0,111.0,113.5,116.0,118.5,119.0,119.5,121.0,122.5,123.0,123.0,123.0,122.0,117.5,115.5,114.0,110.0,108.5,109.0,106.5,105.0
148,106.0,105.0,105.5,108.5,109.0,109.0,111.0,113.5,116.0,118.5,119.0,119.5,121.0,122.5,123.0,123.0,123.0,122.0,117.5,115.5,114.0,110.0,108.5,109.0,106.5,105.0,106.5
149,105.0,105.5,108.5,109.0,109.0,111.0,113.5,116.0,118.5,119.0,119.5,121.0,122.5,123.0,123.0,123.0,122.0,117.5,115.5,114.0,110.0,108.5,109.0,106.5,105.0,106.5,108.0
150,105.5,108.5,109.0,109.0,111.0,113.5,116.0,118.5,119.0,119.5,121.0,122.5,123.0,123.0,123.0,122.0,117.5,115.5,114.0,110.0,108.5,109.0,106.5,105.0,106.5,108.0,113.0
151,108.5,109.0,109.0,111.0,113.5,116.0,118.5,119.0,119.5,121.0,122.5,123.0,123.0,123.0,122.0,117.5,115.5,114.0,110.0,108.5,109.0,106.5,105.0,106.5,108.0,113.0,114.0
152,109.0,109.0,111.0,113.5,116.0,118.5,119.0,119.5,121.0,122.5,123.0,123.0,123.0,122.0,117.5,115.5,114.0,110.0,108.5,109.0,106.5,105.0,106.5,108.0,113.0,114.0,119.0
153,109.0,111.0,113.5,116.0,118.5,119.0,119.5,121.0,122.5,123.0,123.0,123.0,122.0,117.5,115.5,114.0,110.0,108.5,109.0,106.5,105.0,106.5,108.0,113.0,114.0,119.0,122.5
154,111.0,113.5,116.0,118.5,119.0,119.5,121.0,122.5,123.0,123.0,123.0,122.0,117.5,115.5,114.0,110.0,108.5,109.0,106.5,105.0,106.5,108.0,113.0,114.0,119.0,122.5,124.0
155,113.5,116.0,118.5,119.0,119.5,121.0,122.5,123.0,123.0,123.0,122.0,117.5,115.5,114.0,110.0,108.5,109.0,106.5,105.0,106.5,108.0,113.0,114.0,119.0,122.5,124.0,105.0
156,116.0,118.5,119.0,119.5,121.0,122.5,123.0,123.0,123.0,122.0,117.5,115.5,114.0,110.0,108.5,109.0,106.5,105.0,106.5,108.0,113.0,114.0,119.0,122.5,124.0,105.0,114.0
157,118.5,119.0,119.5,121.0,122.5,123.0,123.0,123.0,122.0,117.5,115.5,114.0,110.0,108.5,109.0,106.5,105.0,106.5,108.0,113.0,114.0,119.0,122.5,124.0,105.0,114.0,116.0
158,119.0,119.5,121.0,122.5,123.0,123.0,123.0,122.0,117.5,115.5,114.0,110.0,108.5,109.0,106.5,105.0,106.5,108.0,113.0,114.0,119.0,122.5,124.0,105.0,114.0,116.0,112.0
159,119.5,121.0,122.5,123.0,123.0,123.0,122.0,117.5,115.5,114.0,110.0,108.5,109.0,106.5,105.0,106.5,108.0,113.0,114.0,119.0,122.5,124.0,105.0,114.0,116.0,112.0,110.0
160,121.0,122.5,123.0,123.0,123.0,122.0,117.5,115.5,114.0,110.0,108.5,109.0,106.5,105.0,106.5,108.0,113.0,114.0,119.0,122.5,124.0,105.0,114.0,116.0,112.0,110.0,110.0
161,122.5,123.0,123.0,123.0,122.0,117.5,115.5,114.0,110.0,108.5,109.0,106.5,105.0,106.5,108.0,113.0,114.0,119.0,122.5,124.0,105.0,114.0,116.0,112.0,110.0,110.0,108.5
162,123.0,123.0,123.0,122.0,117.5,115.5,114.0,110.0,108.5,109.0,106.5,105.0,106.5,108.0,113.0,114.0,119.0,122.5,124.0,105.0,114.0,116.0,112.0,110.0,110.0,108.5,107.0
163,123.0,123.0,122.0,117.5,115.5,114.0,110.0,108.5,109.0,106.5,105.0,106.5,108.0,113.0,114.0,119.0,122.5,124.0,105.0,114.0,116.0,112.0,110.0,110.0,108.5,107.0,108.0
164,123.0,122.0,117.5,115.5,114.0,110.0,108.5,109.0,106.5,105.0,106.5,108.0,113.0,114.0,119.0,122.5,124.0,105.0,114.0,116.0,112.0,110.0,110.0,108.5,107.0,108.0,108.0
165,122.0,117.5,115.5,114.0,110.0,108.5,109.0,106.5,105.0,106.5,108.0,113.0,114.0,119.0,122.5,124.0,105.0,114.0,116.0,112.0,110.0,110.0,108.5,107.0,108.0,108.0,107.5
166,117.5,115.5,114.0,110.0,108.5,109.0,106.5,105.0,106.5,108.0,113.0,114.0,119.0,122.5,124.0,105.0,114.0,116.0,112.0,110.0,110.0,108.5,107.0,108.0,108.0,107.5,107.0
167,115.5,114.0,110.0,108.5,109.0,106.5,105.0,106.5,108.0,113.0,114.0,119.0,122.5,124.0,105.0,114.0,116.0,112.0,110.0,110.0,108.5,107.0,108.0,108.0,107.5,107.0,107.0
168,114.0,110.0,108.5,109.0,106.5,105.0,106.5,108.0,113.0,114.0,119.0,122.5,124.0,105.0,114.0,116.0,112.0,110.0,110.0,108.5,107.0,108.0,108.0,107.5,107.0,107.0,107.5
169,110.0,108.5,109.0,106.5,105.0,106.5,108.0,113.0,114.0,119.0,122.5,124.0,105.0,114.0,116.0,112.0,110.0,110.0,108.5,107.0,108.0,108.0,107.5,107.0,107.0,107.5,87.5
170,108.5,109.0,106.5,105.0,106.5,108.0,113.0,114.0,119.0,122.5,124.0,105.0,114.0,116.0,112.0,110.0,110.0,108.5,107.0,108.0,108.0,107.5,107.0,107.0,107.5,87.5,105.5
171,109.0,106.5,105.0,106.5,108.0,113.0,114.0,119.0,122.5,124.0,105.0,114.0,116.0,112.0,110.0,110.0,108.5,107.0,108.0,108.0,107.5,107.0,107.0,107.5,87.5,105.5,101.0
172,106.5,105.0,106.5,108.0,113.0,114.0,119.0,122.5,124.0,105.0,114.0,116.0,112.0,110.0,110.0,108.5,107.0,108.0,108.0,107.5,107.0,107.0,107.5,87.5,105.5,101.0,97.0
173,105.0,106.5,108.0,113.0,114.0,119.0,122.5,124.0,105.0,114.0,116.0,112.0,110.0,110.0,108.5,107.0,108.0,108.0,107.5,107.0,107.0,107.5,87.5,105.5,101.0,97.0,103.0
174,106.5,108.0,113.0,114.0,119.0,122.5,124.0,105.0,114.0,116.0,112.0,110.0,110.0,108.5,107.0,108.0,108.0,107.5,107.0,107.0,107.5,87.5,105.5,101.0,97.0,103.0,109.5
175,108.0,113.0,114.0,119.0,122.5,124.0,105.0,114.0,116.0,112.0,110.0,110.0,108.5,107.0,108.0,108.0,107.5,107.0,107.0,107.5,87.5,105.5,101.0,97.0,103.0,109.5,120.0
176,113.0,114.0,119.0,122.5,124.0,105.0,114.0,116.0,112.0,110.0,110.0,108.5,107.0,108.0,108.0,107.5,107.0,107.0,107.5,87.5,105.5,101.0,97.0,103.0,109.5,120.0,90.66666666666669
177,114.0,119.0,122.5,124.0,105.0,114.0,116.0,112.0,110.0,110.0,108.5,107.0,108.0,108.0,107.5,107.0,107.0,107.5,87.5,105.5,101.0,97.0,103.0,109.5,120.0,90.66666666666669,102.0
178,119.0,122.5,124.0,105.0,114.0,116.0,112.0,110.0,110.0,108.5,107.0,108.0,108.0,107.5,107.0,107.0,107.5,87.5,105.5,101.0,97.0,103.0,109.5,120.0,90.66666666666669,102.0,104.5
179,122.5,124.0,105.0,114.0,116.0,112.0,110.0,110.0,108.5,107.0,108.0,108.0,107.5,107.0,107.0,107.5,87.5,105.5,101.0,97.0,103.0,109.5,120.0,90.66666666666669,102.0,104.5,105.5
180,124.0,105.0,114.0,116.0,112.0,110.0,110.0,108.5,107.0,108.0,108.0,107.5,107.0,107.0,107.5,87.5,105.5,101.0,97.0,103.0,109.5,120.0,90.66666666666669,102.0,104.5,105.5,105.5
181,105.0,114.0,116.0,112.0,110.0,110.0,108.5,107.0,108.0,108.0,107.5,107.0,107.0,107.5,87.5,105.5,101.0,97.0,103.0,109.5,120.0,90.66666666666669,102.0,104.5,105.5,105.5,105.5
182,114.0,116.0,112.0,110.0,110.0,108.5,107.0,108.0,108.0,107.5,107.0,107.0,107.5,87.5,105.5,101.0,97.0,103.0,109.5,120.0,90.66666666666669,102.0,104.5,105.5,105.5,105.5,105.0
183,116.0,112.0,110.0,110.0,108.5,107.0,108.0,108.0,107.5,107.0,107.0,107.5,87.5,105.5,101.0,97.0,103.0,109.5,120.0,90.66666666666669,102.0,104.5,105.5,105.5,105.5,105.0,104.5
184,112.0,110.0,110.0,108.5,107.0,108.0,108.0,107.5,107.0,107.0,107.5,87.5,105.5,101.0,97.0,103.0,109.5,120.0,90.66666666666669,102.0,104.5,105.5,105.5,105.5,105.0,104.5,107.0
185,110.0,110.0,108.5,107.0,108.0,108.0,107.5,107.0,107.0,107.5,87.5,105.5,101.0,97.0,103.0,109.5,120.0,90.66666666666669,102.0,104.5,105.5,105.5,105.5,105.0,104.5,107.0,108.0
186,110.0,108.5,107.0,108.0,108.0,107.5,107.0,107.0,107.5,87.5,105.5,101.0,97.0,103.0,109.5,120.0,90.66666666666669,102.0,104.5,105.5,105.5,105.5,105.0,104.5,107.0,108.0,109.0
187,108.5,107.0,108.0,108.0,107.5,107.0,107.0,107.5,87.5,105.5,101.0,97.0,103.0,109.5,120.0,90.66666666666669,102.0,104.5,105.5,105.5,105.5,105.0,104.5,107.0,108.0,109.0,109.0
188,107.0,108.0,108.0,107.5,107.0,107.0,107.5,87.5,105.5,101.0,97.0,103.0,109.5,120.0,90.66666666666669,102.0,104.5,105.5,105.5,105.5,105.0,104.5,107.0,108.0,109.0,109.0,109.0
189,108.0,108.0,107.5,107.0,107.0,107.5,87.5,105.5,101.0,97.0,103.0,109.5,120.0,90.66666666666669,102.0,104.5,105.5,105.5,105.5,105.0,104.5,107.0,108.0,109.0,109.0,109.0,105.0
190,108.0,107.5,107.0,107.0,107.5,87.5,105.5,101.0,97.0,103.0,109.5,120.0,90.66666666666669,102.0,104.5,105.5,105.5,105.5,105.0,104.5,107.0,108.0,109.0,109.0,109.0,105.0,105.0
191,107.5,107.0,107.0,107.5,87.5,105.5,101.0,97.0,103.0,109.5,120.0,90.66666666666669,102.0,104.5,105.5,105.5,105.5,105.0,104.5,107.0,108.0,109.0,109.0,109.0,105.0,105.0,105.0
192,107.0,107.0,107.5,87.5,105.5,101.0,97.0,103.0,109.5,120.0,90.66666666666669,102.0,104.5,105.5,105.5,105.5,105.0,104.5,107.0,108.0,109.0,109.0,109.0,105.0,105.0,105.0,103.0
193,107.0,107.5,87.5,105.5,101.0,97.0,103.0,109.5,120.0,90.66666666666669,102.0,104.5,105.5,105.5,105.5,105.0,104.5,107.0,108.0,109.0,109.0,109.0,105.0,105.0,105.0,103.0,103.5
194,107.5,87.5,105.5,101.0,97.0,103.0,109.5,120.0,90.66666666666669,102.0,104.5,105.5,105.5,105.5,105.0,104.5,107.0,108.0,109.0,109.0,109.0,105.0,105.0,105.0,103.0,103.5,109.0
195,87.5,105.5,101.0,97.0,103.0,109.5,120.0,90.66666666666669,102.0,104.5,105.5,105.5,105.5,105.0,104.5,107.0,108.0,109.0,109.0,109.0,105.0,105.0,105.0,103.0,103.5,109.0,109.0
196,105.5,101.0,97.0,103.0,109.5,120.0,90.66666666666669,102.0,104.5,105.5,105.5,105.5,105.0,104.5,107.0,108.0,109.0,109.0,109.0,105.0,105.0,105.0,103.0,103.5,109.0,109.0,106.0
197,101.0,97.0,103.0,109.5,120.0,90.66666666666669,102.0,104.5,105.5,105.5,105.5,105.0,104.5,107.0,108.0,109.0,109.0,109.0,105.0,105.0,105.0,103.0,103.5,109.0,109.0,106.0,111.0
198,97.0,103.0,109.5,120.0,90.66666666666669,102.0,104.5,105.5,105.5,105.5,105.0,104.5,107.0,108.0,109.0,109.0,109.0,105.0,105.0,105.0,103.0,103.5,109.0,109.0,106.0,111.0,113.0
199,103.0,109.5,120.0,90.66666666666669,102.0,104.5,105.5,105.5,105.5,105.0,104.5,107.0,108.0,109.0,109.0,109.0,105.0,105.0,105.0,103.0,103.5,109.0,109.0,106.0,111.0,113.0,109.5
200,109.5,120.0,90.66666666666669,102.0,104.5,105.5,105.5,105.5,105.0,104.5,107.0,108.0,109.0,109.0,109.0,105.0,105.0,105.0,103.0,103.5,109.0,109.0,106.0,111.0,113.0,109.5,114.5
201,120.0,90.66666666666669,102.0,104.5,105.5,105.5,105.5,105.0,104.5,107.0,108.0,109.0,109.0,109.0,105.0,105.0,105.0,103.0,103.5,109.0,109.0,106.0,111.0,113.0,109.5,114.5,118.5
202,90.66666666666669,102.0,104.5,105.5,105.5,105.5,105.0,104.5,107.0,108.0,109.0,109.0,109.0,105.0,105.0,105.0,103.0,103.5,109.0,109.0,106.0,111.0,113.0,109.5,114.5,118.5,119.0
203,102.0,104.5,105.5,105.5,105.5,105.0,104.5,107.0,108.0,109.0,109.0,109.0,105.0,105.0,105.0,103.0,103.5,109.0,109.0,106.0,111.0,113.0,109.5,114.5,118.5,119.0,119.5
204,104.5,105.5,105.5,105.5,105.0,104.5,107.0,108.0,109.0,109.0,109.0,105.0,105.0,105.0,103.0,103.5,109.0,109.0,106.0,111.0,113.0,109.5,114.5,118.5,119.0,119.5,118.0
205,105.5,105.5,105.5,105.0,104.5,107.0,108.0,109.0,109.0,109.0,105.0,105.0,105.0,103.0,103.5,109.0,109.0,106.0,111.0,113.0,109.5,114.5,118.5,119.0,119.5,118.0,116.5
206,105.5,105.5,105.0,104.5,107.0,108.0,109.0,109.0,109.0,105.0,105.0,105.0,103.0,103.5,109.0,109.0,106.0,111.0,113.0,109.5,114.5,118.5,119.0,119.5,118.0,116.5,112.0
207,105.5,105.0,104.5,107.0,108.0,109.0,109.0,109.0,105.0,105.0,105.0,103.0,103.5,109.0,109.0,106.0,111.0,113.0,109.5,114.5,118.5,119.0,119.5,118.0,116.5,112.0,109.0
208,105.0,104.5,107.0,108.0,109.0,109.0,109.0,105.0,105.0,105.0,103.0,103.5,109.0,109.0,106.0,111.0,113.0,109.5,114.5,118.5,119.0,119.5,118.0,116.5,112.0,109.0,111.5
209,104.5,107.0,108.0,109.0,109.0,109.0,105.0,105.0,105.0,103.0,103.5,109.0,109.0,106.0,111.0,113.0,109.5,114.5,118.5,119.0,119.5,118.0,116.5,112.0,109.0,111.5,117.0
210,107.0,108.0,109.0,109.0,109.0,105.0,105.0,105.0,103.0,103.5,109.0,109.0,106.0,111.0,113.0,109.5,114.5,118.5,119.0,119.5,118.0,116.5,112.0,109.0,111.5,117.0,120.5
211,108.0,109.0,109.0,109.0,105.0,105.0,105.0,103.0,103.5,109.0,109.0,106.0,111.0,113.0,109.5,114.5,118.5,119.0,119.5,118.0,116.5,112.0,109.0,111.5,117.0,120.5,120.0
212,109.0,109.0,109.0,105.0,105.0,105.0,103.0,103.5,109.0,109.0,106.0,111.0,113.0,109.5,114.5,118.5,119.0,119.5,118.0,116.5,112.0,109.0,111.5,117.0,120.5,120.0,120.0
213,109.0,109.0,105.0,105.0,105.0,103.0,103.5,109.0,109.0,106.0,111.0,113.0,109.5,114.5,118.5,119.0,119.5,118.0,116.5,112.0,109.0,111.5,117.0,120.5,120.0,120.0,116.5
214,109.0,105.0,105.0,105.0,103.0,103.5,109.0,109.0,106.0,111.0,113.0,109.5,114.5,118.5,119.0,119.5,118.0,116.5,112.0,109.0,111.5,117.0,120.5,120.0,120.0,116.5,113.5
215,105.0,105.0,105.0,103.0,103.5,109.0,109.0,106.0,111.0,113.0,109.5,114.5,118.5,119.0,119.5,118.0,116.5,112.0,109.0,111.5,117.0,120.5,120.0,120.0,116.5,113.5,111.0
216,105.0,105.0,103.0,103.5,109.0,109.0,106.0,111.0,113.0,109.5,114.5,118.5,119.0,119.5,118.0,116.5,112.0,109.0,111.5,117.0,120.5,120.0,120.0,116.5,113.5,111.0,105.5
217,105.0,103.0,103.5,109.0,109.0,106.0,111.0,113.0,109.5,114.5,118.5,119.0,119.5,118.0,116.5,112.0,109.0,111.5,117.0,120.5,120.0,120.0,116.5,113.5,111.0,105.5,95.5
218,103.0,103.5,109.0,109.0,106.0,111.0,113.0,109.5,114.5,118.5,119.0,119.5,118.0,116.5,112.0,109.0,111.5,117.0,120.5,120.0,120.0,116.5,113.5,111.0,105.5,95.5,106.5
219,103.5,109.0,109.0,106.0,111.0,113.0,109.5,114.5,118.5,119.0,119.5,118.0,116.5,112.0,109.0,111.5,117.0,120.5,120.0,120.0,116.5,113.5,111.0,105.5,95.5,106.5,105.0
220,109.0,109.0,106.0,111.0,113.0,109.5,114.5,118.5,119.0,119.5,118.0,116.5,112.0,109.0,111.5,117.0,120.5,120.0,120.0,116.5,113.5,111.0,105.5,95.5,106.5,105.0,104.0
221,109.0,106.0,111.0,113.0,109.5,114.5,118.5,119.0,119.5,118.0,116.5,112.0,109.0,111.5,117.0,120.5,120.0,120.0,116.5,113.5,111.0,105.5,95.5,106.5,105.0,104.0,100.5
222,106.0,111.0,113.0,109.5,114.5,118.5,119.0,119.5,118.0,116.5,112.0,109.0,111.5,117.0,120.5,120.0,120.0,116.5,113.5,111.0,105.5,95.5,106.5,105.0,104.0,100.5,101.0
223,111.0,113.0,109.5,114.5,118.5,119.0,119.5,118.0,116.5,112.0,109.0,111.5,117.0,120.5,120.0,120.0,116.5,113.5,111.0,105.5,95.5,106.5,105.0,104.0,100.5,101.0,108.5
224,113.0,109.5,114.5,118.5,119.0,119.5,118.0,116.5,112.0,109.0,111.5,117.0,120.5,120.0,120.0,116.5,113.5,111.0,105.5,95.5,106.5,105.0,104.0,100.5,101.0,108.5,110.5
225,109.5,114.5,118.5,119.0,119.5,118.0,116.5,112.0,109.0,111.5,117.0,120.5,120.0,120.0,116.5,113.5,111.0,105.5,95.5,106.5,105.0,104.0,100.5,101.0,108.5,110.5,113.0
226,114.5,118.5,119.0,119.5,118.0,116.5,112.0,109.0,111.5,117.0,120.5,120.0,120.0,116.5,113.5,111.0,105.5,95.5,106.5,105.0,104.0,100.5,101.0,108.5,110.5,113.0,117.0
227,118.5,119.0,119.5,118.0,116.5,112.0,109.0,111.5,117.0,120.5,120.0,120.0,116.5,113.5,111.0,105.5,95.5,106.5,105.0,104.0,100.5,101.0,108.5,110.5,113.0,117.0,120.5
228,119.0,119.5,118.0,116.5,112.0,109.0,111.5,117.0,120.5,120.0,120.0,116.5,113.5,111.0,105.5,95.5,106.5,105.0,104.0,100.5,101.0,108.5,110.5,113.0,117.0,120.5,121.0
229,119.5,118.0,116.5,112.0,109.0,111.5,117.0,120.5,120.0,120.0,116.5,113.5,111.0,105.5,95.5,106.5,105.0,104.0,100.5,101.0,108.5,110.5,113.0,117.0,120.5,121.0,120.0
230,118.0,116.5,112.0,109.0,111.5,117.0,120.5,120.0,120.0,116.5,113.5,111.0,105.5,95.5,106.5,105.0,104.0,100.5,101.0,108.5,110.5,113.0,117.0,120.5,121.0,120.0,119.0
231,116.5,112.0,109.0,111.5,117.0,120.5,120.0,120.0,116.5,113.5,111.0,105.5,95.5,106.5,105.0,104.0,100.5,101.0,108.5,110.5,113.0,117.0,120.5,121.0,120.0,119.0,121.5
232,112.0,109.0,111.5,117.0,120.5,120.0,120.0,116.5,113.5,111.0,105.5,95.5,106.5,105.0,104.0,100.5,101.0,108.5,110.5,113.0,117.0,120.5,121.0,120.0,119.0,121.5,123.5
233,109.0,111.5,117.0,120.5,120.0,120.0,116.5,113.5,111.0,105.5,95.5,106.5,105.0,104.0,100.5,101.0,108.5,110.5,113.0,117.0,120.5,121.0,120.0,119.0,121.5,123.5,122.0
234,111.5,117.0,120.5,120.0,120.0,116.5,113.5,111.0,105.5,95.5,106.5,105.0,104.0,100.5,101.0,108.5,110.5,113.0,117.0,120.5,121.0,120.0,119.0,121.5,123.5,122.0,121.5
235,117.0,120.5,120.0,120.0,116.5,113.5,111.0,105.5,95.5,106.5,105.0,104.0,100.5,101.0,108.5,110.5,113.0,117.0,120.5,121.0,120.0,119.0,121.5,123.5,122.0,121.5,116.0
236,120.5,120.0,120.0,116.5,113.5,111.0,105.5,95.5,106.5,105.0,104.0,100.5,101.0,108.5,110.5,113.0,117.0,120.5,121.0,120.0,119.0,121.5,123.5,122.0,121.5,116.0,115.5
237,120.0,120.0,116.5,113.5,111.0,105.5,95.5,106.5,105.0,104.0,100.5,101.0,108.5,110.5,113.0,117.0,120.5,121.0,120.0,119.0,121.5,123.5,122.0,121.5,116.0,115.5,112.5
238,120.0,116.5,113.5,111.0,105.5,95.5,106.5,105.0,104.0,100.5,101.0,108.5,110.5,113.0,117.0,120.5,121.0,120.0,119.0,121.5,123.5,122.0,121.5,116.0,115.5,112.5,111.0
239,116.5,113.5,111.0,105.5,95.5,106.5,105.0,104.0,100.5,101.0,108.5,110.5,113.0,117.0,120.5,121.0,120.0,119.0,121.5,123.5,122.0,121.5,116.0,115.5,112.5,111.0,110.0
240,113.5,111.0,105.5,95.5,106.5,105.0,104.0,100.5,101.0,108.5,110.5,113.0,117.0,120.5,121.0,120.0,119.0,121.5,123.5,122.0,121.5,116.0,115.5,112.5,111.0,110.0,104.0
241,111.0,105.5,95.5,106.5,105.0,104.0,100.5,101.0,108.5,110.5,113.0,117.0,120.5,121.0,120.0,119.0,121.5,123.5,122.0,121.5,116.0,115.5,112.5,111.0,110.0,104.0,106.5
242,105.5,95.5,106.5,105.0,104.0,100.5,101.0,108.5,110.5,113.0,117.0,120.5,121.0,120.0,119.0,121.5,123.5,122.0,121.5,116.0,115.5,112.5,111.0,110.0,104.0,106.5,105.5
243,95.5,106.5,105.0,104.0,100.5,101.0,108.5,110.5,113.0,117.0,120.5,121.0,120.0,119.0,121.5,123.5,122.0,121.5,116.0,115.5,112.5,111.0,110.0,104.0,106.5,105.5,108.0
244,106.5,105.0,104.0,100.5,101.0,108.5,110.5,113.0,117.0,120.5,121.0,120.0,119.0,121.5,123.5,122.0,121.5,116.0,115.5,112.5,111.0,110.0,104.0,106.5,105.5,108.0,108.5
245,105.0,104.0,100.5,101.0,108.5,110.5,113.0,117.0,120.5,121.0,120.0,119.0,121.5,123.5,122.0,121.5,116.0,115.5,112.5,111.0,110.0,104.0,106.5,105.5,108.0,108.5,106.5
246,104.0,100.5,101.0,108.5,110.5,113.0,117.0,120.5,121.0,120.0,119.0,121.5,123.5,122.0,121.5,116.0,115.5,112.5,111.0,110.0,104.0,106.5,105.5,108.0,108.5,106.5,105.5
247,100.5,101.0,108.5,110.5,113.0,117.0,120.5,121.0,120.0,119.0,121.5,123.5,122.0,121.5,116.0,115.5,112.5,111.0,110.0,104.0,106.5,105.5,108.0,108.5,106.5,105.5,104.5
248,101.0,108.5,110.5,113.0,117.0,120.5,121.0,120.0,119.0,121.5,123.5,122.0,121.5,116.0,115.5,112.5,111.0,110.0,104.0,106.5,105.5,108.0,108.5,106.5,105.5,104.5,109.0
249,108.5,110.5,113.0,117.0,120.5,121.0,120.0,119.0,121.5,123.5,122.0,121.5,116.0,115.5,112.5,111.0,110.0,104.0,106.5,105.5,108.0,108.5,106.5,105.5,104.5,109.0,113.0
250,110.5,113.0,117.0,120.5,121.0,120.0,119.0,121.5,123.5,122.0,121.5,116.0,115.5,112.5,111.0,110.0,104.0,106.5,105.5,108.0,108.5,106.5,105.5,104.5,109.0,113.0,115.0
251,113.0,117.0,120.5,121.0,120.0,119.0,121.5,123.5,122.0,121.5,116.0,115.5,112.5,111.0,110.0,104.0,106.5,105.5,108.0,108.5,106.5,105.5,104.5,109.0,113.0,115.0,115.5
252,117.0,120.5,121.0,120.0,119.0,121.5,123.5,122.0,121.5,116.0,115.5,112.5,111.0,110.0,104.0,106.5,105.5,108.0,108.5,106.5,105.5,104.5,109.0,113.0,115.0,115.5,115.5
253,120.5,121.0,120.0,119.0,121.5,123.5,122.0,121.5,116.0,115.5,112.5,111.0,110.0,104.0,106.5,105.5,108.0,108.5,106.5,105.5,104.5,109.0,113.0,115.0,115.5,115.5,116.5
254,121.0,120.0,119.0,121.5,123.5,122.0,121.5,116.0,115.5,112.5,111.0,110.0,104.0,106.5,105.5,108.0,108.5,106.5,105.5,104.5,109.0,113.0,115.0,115.5,115.5,116.5,121.5
255,120.0,119.0,121.5,123.5,122.0,121.5,116.0,115.5,112.5,111.0,110.0,104.0,106.5,105.5,108.0,108.5,106.5,105.5,104.5,109.0,113.0,115.0,115.5,115.5,116.5,121.5,122.0
256,119.0,121.5,123.5,122.0,121.5,116.0,115.5,112.5,111.0,110.0,104.0,106.5,105.5,108.0,108.5,106.5,105.5,104.5,109.0,113.0,115.0,115.5,115.5,116.5,121.5,122.0,120.0
257,121.5,123.5,122.0,121.5,116.0,115.5,112.5,111.0,110.0,104.0,106.5,105.5,108.0,108.5,106.5,105.5,104.5,109.0,113.0,115.0,115.5,115.5,116.5,121.5,122.0,120.0,122.5
258,123.5,122.0,121.5,116.0,115.5,112.5,111.0,110.0,104.0,106.5,105.5,108.0,108.5,106.5,105.5,104.5,109.0,113.0,115.0,115.5,115.5,116.5,121.5,122.0,120.0,122.5,120.5
259,122.0,121.5,116.0,115.5,112.5,111.0,110.0,104.0,106.5,105.5,108.0,108.5,106.5,105.5,104.5,109.0,113.0,115.0,115.5,115.5,116.5,121.5,122.0,120.0,122.5,120.5,116.0
260,121.5,116.0,115.5,112.5,111.0,110.0,104.0,106.5,105.5,108.0,108.5,106.5,105.5,104.5,109.0,113.0,115.0,115.5,115.5,116.5,121.5,122.0,120.0,122.5,120.5,116.0,111.0
261,116.0,115.5,112.5,111.0,110.0,104.0,106.5,105.5,108.0,108.5,106.5,105.5,104.5,109.0,113.0,115.0,115.5,115.5,116.5,121.5,122.0,120.0,122.5,120.5,116.0,111.0,106.5
262,115.5,112.5,111.0,110.0,104.0,106.5,105.5,108.0,108.5,106.5,105.5,104.5,109.0,113.0,115.0,115.5,115.5,116.5,121.5,122.0,120.0,122.5,120.5,116.0,111.0,106.5,104.0
263,112.5,111.0,110.0,104.0,106.5,105.5,108.0,108.5,106.5,105.5,104.5,109.0,113.0,115.0,115.5,115.5,116.5,121.5,122.0,120.0,122.5,120.5,116.0,111.0,106.5,104.0,102.5
264,111.0,110.0,104.0,106.5,105.5,108.0,108.5,106.5,105.5,104.5,109.0,113.0,115.0,115.5,115.5,116.5,121.5,122.0,120.0,122.5,120.5,116.0,111.0,106.5,104.0,102.5,101.0
265,110.0,104.0,106.5,105.5,108.0,108.5,106.5,105.5,104.5,109.0,113.0,115.0,115.5,115.5,116.5,121.5,122.0,120.0,122.5,120.5,116.0,111.0,106.5,104.0,102.5,101.0,106.5
266,104.0,106.5,105.5,108.0,108.5,106.5,105.5,104.5,109.0,113.0,115.0,115.5,115.5,116.5,121.5,122.0,120.0,122.5,120.5,116.0,111.0,106.5,104.0,102.5,101.0,106.5,110.5
267,106.5,105.5,108.0,108.5,106.5,105.5,104.5,109.0,113.0,115.0,115.5,115.5,116.5,121.5,122.0,120.0,122.5,120.5,116.0,111.0,106.5,104.0,102.5,101.0,106.5,110.5,107.0
268,105.5,108.0,108.5,106.5,105.5,104.5,109.0,113.0,115.0,115.5,115.5,116.5,121.5,122.0,120.0,122.5,120.5,116.0,111.0,106.5,104.0,102.5,101.0,106.5,110.5,107.0,113.0
269,108.0,108.5,106.5,105.5,104.5,109.0,113.0,115.0,115.5,115.5,116.5,121.5,122.0,120.0,122.5,120.5,116.0,111.0,106.5,104.0,102.5,101.0,106.5,110.5,107.0,113.0,114.5
270,108.5,106.5,105.5,104.5,109.0,113.0,115.0,115.5,115.5,116.5,121.5,122.0,120.0,122.5,120.5,116.0,111.0,106.5,104.0,102.5,101.0,106.5,110.5,107.0,113.0,114.5,117.0
271,106.5,105.5,104.5,109.0,113.0,115.0,115.5,115.5,116.5,121.5,122.0,120.0,122.5,120.5,116.0,111.0,106.5,104.0,102.5,101.0,106.5,110.5,107.0,113.0,114.5,117.0,113.0
272,105.5,104.5,109.0,113.0,115.0,115.5,115.5,116.5,121.5,122.0,120.0,122.5,120.5,116.0,111.0,106.5,104.0,102.5,101.0,106.5,110.5,107.0,113.0,114.5,117.0,113.0,117.0
273,104.5,109.0,113.0,115.0,115.5,115.5,116.5,121.5,122.0,120.0,122.5,120.5,116.0,111.0,106.5,104.0,102.5,101.0,106.5,110.5,107.0,113.0,114.5,117.0,113.0,117.0,118.5
274,109.0,113.0,115.0,115.5,115.5,116.5,121.5,122.0,120.0,122.5,120.5,116.0,111.0,106.5,104.0,102.5,101.0,106.5,110.5,107.0,113.0,114.5,117.0,113.0,117.0,118.5,118.0
275,113.0,115.0,115.5,115.5,116.5,121.5,122.0,120.0,122.5,120.5,116.0,111.0,106.5,104.0,102.5,101.0,106.5,110.5,107.0,113.0,114.5,117.0,113.0,117.0,118.5,118.0,119.0
276,115.0,115.5,115.5,116.5,121.5,122.0,120.0,122.5,120.5,116.0,111.0,106.5,104.0,102.5,101.0,106.5,110.5,107.0,113.0,114.5,117.0,113.0,117.0,118.5,118.0,119.0,123.5
277,115.5,115.5,116.5,121.5,122.0,120.0,122.5,120.5,116.0,111.0,106.5,104.0,102.5,101.0,106.5,110.5,107.0,113.0,114.5,117.0,113.0,117.0,118.5,118.0,119.0,123.5,123.5
278,115.5,116.5,121.5,122.0,120.0,122.5,120.5,116.0,111.0,106.5,104.0,102.5,101.0,106.5,110.5,107.0,113.0,114.5,117.0,113.0,117.0,118.5,118.0,119.0,123.5,123.5,124.0
279,116.5,121.5,122.0,120.0,122.5,120.5,116.0,111.0,106.5,104.0,102.5,101.0,106.5,110.5,107.0,113.0,114.5,117.0,113.0,117.0,118.5,118.0,119.0,123.5,123.5,124.0,119.5
280,121.5,122.0,120.0,122.5,120.5,116.0,111.0,106.5,104.0,102.5,101.0,106.5,110.5,107.0,113.0,114.5,117.0,113.0,117.0,118.5,118.0,119.0,123.5,123.5,124.0,119.5,119.0
281,122.0,120.0,122.5,120.5,116.0,111.0,106.5,104.0,102.5,101.0,106.5,110.5,107.0,113.0,114.5,117.0,113.0,117.0,118.5,118.0,119.0,123.5,123.5,124.0,119.5,119.0,118.0
282,120.0,122.5,120.5,116.0,111.0,106.5,104.0,102.5,101.0,106.5,110.5,107.0,113.0,114.5,117.0,113.0,117.0,118.5,118.0,119.0,123.5,123.5,124.0,119.5,119.0,118.0,129.0
283,122.5,120.5,116.0,111.0,106.5,104.0,102.5,101.0,106.5,110.5,107.0,113.0,114.5,117.0,113.0,117.0,118.5,118.0,119.0,123.5,123.5,124.0,119.5,119.0,118.0,129.0,144.0
284,120.5,116.0,111.0,106.5,104.0,102.5,101.0,106.5,110.5,107.0,113.0,114.5,117.0,113.0,117.0,118.5,118.0,119.0,123.5,123.5,124.0,119.5,119.0,118.0,129.0,144.0,115.0
285,116.0,111.0,106.5,104.0,102.5,101.0,106.5,110.5,107.0,113.0,114.5,117.0,113.0,117.0,118.5,118.0,119.0,123.5,123.5,124.0,119.5,119.0,118.0,129.0,144.0,115.0,106.0
286,111.0,106.5,104.0,102.5,101.0,106.5,110.5,107.0,113.0,114.5,117.0,113.0,117.0,118.5,118.0,119.0,123.5,123.5,124.0,119.5,119.0,118.0,129.0,144.0,115.0,106.0,103.5
287,106.5,104.0,102.5,101.0,106.5,110.5,107.0,113.0,114.5,117.0,113.0,117.0,118.5,118.0,119.0,123.5,123.5,124.0,119.5,119.0,118.0,129.0,144.0,115.0,106.0,103.5,100.0
288,104.0,102.5,101.0,106.5,110.5,107.0,113.0,114.5,117.0,113.0,117.0,118.5,118.0,119.0,123.5,123.5,124.0,119.5,119.0,118.0,129.0,144.0,115.0,106.0,103.5,100.0,98.0
289,102.5,101.0,106.5,110.5,107.0,113.0,114.5,117.0,113.0,117.0,118.5,118.0,119.0,123.5,123.5,124.0,119.5,119.0,118.0,129.0,144.0,115.0,106.0,103.5,100.0,98.0,95.5
290,101.0,106.5,110.5,107.0,113.0,114.5,117.0,113.0,117.0,118.5,118.0,119.0,123.5,123.5,124.0,119.5,119.0,118.0,129.0,144.0,115.0,106.0,103.5,100.0,98.0,95.5,92.0
291,106.5,110.5,107.0,113.0,114.5,117.0,113.0,117.0,118.5,118.0,119.0,123.5,123.5,124.0,119.5,119.0,118.0,129.0,144.0,115.0,106.0,103.5,100.0,98.0,95.5,92.0,90.5
292,110.5,107.0,113.0,114.5,117.0,113.0,117.0,118.5,118.0,119.0,123.5,123.5,124.0,119.5,119.0,118.0,129.0,144.0,115.0,106.0,103.5,100.0,98.0,95.5,92.0,90.5,90.0
293,107.0,113.0,114.5,117.0,113.0,117.0,118.5,118.0,119.0,123.5,123.5,124.0,119.5,119.0,118.0,129.0,144.0,115.0,106.0,103.5,100.0,98.0,95.5,92.0,90.5,90.0,89.0
294,113.0,114.5,117.0,113.0,117.0,118.5,118.0,119.0,123.5,123.5,124.0,119.5,119.0,118.0,129.0,144.0,115.0,106.0,103.5,100.0,98.0,95.5,92.0,90.5,90.0,89.0,86.5
295,114.5,117.0,113.0,117.0,118.5,118.0,119.0,123.5,123.5,124.0,119.5,119.0,118.0,129.0,144.0,115.0,106.0,103.5,100.0,98.0,95.5,92.0,90.5,90.0,89.0,86.5,82.0
296,117.0,113.0,117.0,118.5,118.0,119.0,123.5,123.5,124.0,119.5,119.0,118.0,129.0,144.0,115.0,106.0,103.5,100.0,98.0,95.5,92.0,90.5,90.0,89.0,86.5,82.0,79.5
297,113.0,117.0,118.5,118.0,119.0,123.5,123.5,124.0,119.5,119.0,118.0,129.0,144.0,115.0,106.0,103.5,100.0,98.0,95.5,92.0,90.5,90.0,89.0,86.5,82.0,79.5,79.0
298,117.0,118.5,118.0,119.0,123.5,123.5,124.0,119.5,119.0,118.0,129.0,144.0,115.0,106.0,103.5,100.0,98.0,95.5,92.0,90.5,90.0,89.0,86.5,82.0,79.5,79.0,78.0
299,118.5,118.0,119.0,123.5,123.5,124.0,119.5,119.0,118.0,129.0,144.0,115.0,106.0,103.5,100.0,98.0,95.5,92.0,90.5,90.0,89.0,86.5,82.0,79.5,79.0,78.0,79.0
300,118.0,119.0,123.5,123.5,124.0,119.5,119.0,118.0,129.0,144.0,115.0,106.0,103.5,100.0,98.0,95.5,92.0,90.5,90.0,89.0,86.5,82.0,79.5,79.0,78.0,79.0,81.5
301,119.0,123.5,123.5,124.0,119.5,119.0,118.0,129.0,144.0,115.0,106.0,103.5,100.0,98.0,95.5,92.0,90.5,90.0,89.0,86.5,82.0,79.5,79.0,78.0,79.0,81.5,84.5
302,123.5,123.5,124.0,119.5,119.0,118.0,129.0,144.0,115.0,106.0,103.5,100.0,98.0,95.5,92.0,90.5,90.0,89.0,86.5,82.0,79.5,79.0,78.0,79.0,81.5,84.5,86.5
303,123.5,124.0,119.5,119.0,118.0,129.0,144.0,115.0,106.0,103.5,100.0,98.0,95.5,92.0,90.5,90.0,89.0,86.5,82.0,79.5,79.0,78.0,79.0,81.5,84.5,86.5,89.0
304,124.0,119.5,119.0,118.0,129.0,144.0,115.0,106.0,103.5,100.0,98.0,95.5,92.0,90.5,90.0,89.0,86.5,82.0,79.5,79.0,78.0,79.0,81.5,84.5,86.5,89.0,91.5
305,119.5,119.0,118.0,129.0,144.0,115.0,106.0,103.5,100.0,98.0,95.5,92.0,90.5,90.0,89.0,86.5,82.0,79.5,79.0,78.0,79.0,81.5,84.5,86.5,89.0,91.5,97.0
306,119.0,118.0,129.0,144.0,115.0,106.0,103.5,100.0,98.0,95.5,92.0,90.5,90.0,89.0,86.5,82.0,79.5,79.0,78.0,79.0,81.5,84.5,86.5,89.0,91.5,97.0,100.5
307,118.0,129.0,144.0,115.0,106.0,103.5,100.0,98.0,95.5,92.0,90.5,90.0,89.0,86.5,82.0,79.5,79.0,78.0,79.0,81.5,84.5,86.5,89.0,91.5,97.0,100.5,101.0
308,129.0,144.0,115.0,106.0,103.5,100.0,98.0,95.5,92.0,90.5,90.0,89.0,86.5,82.0,79.5,79.0,78.0,79.0,81.5,84.5,86.5,89.0,91.5,97.0,100.5,101.0,101.0
309,144.0,115.0,106.0,103.5,100.0,98.0,95.5,92.0,90.5,90.0,89.0,86.5,82.0,79.5,79.0,78.0,79.0,81.5,84.5,86.5,89.0,91.5,97.0,100.5,101.0,101.0,100.0
310,115.0,106.0,103.5,100.0,98.0,95.5,92.0,90.5,90.0,89.0,86.5,82.0,79.5,79.0,78.0,79.0,81.5,84.5,86.5,89.0,91.5,97.0,100.5,101.0,101.0,100.0,99.5
311,106.0,103.5,100.0,98.0,95.5,92.0,90.5,90.0,89.0,86.5,82.0,79.5,79.0,78.0,79.0,81.5,84.5,86.5,89.0,91.5,97.0,100.5,101.0,101.0,100.0,99.5,97.0
312,103.5,100.0,98.0,95.5,92.0,90.5,90.0,89.0,86.5,82.0,79.5,79.0,78.0,79.0,81.5,84.5,86.5,89.0,91.5,97.0,100.5,101.0,101.0,100.0,99.5,97.0,94.0
313,100.0,98.0,95.5,92.0,90.5,90.0,89.0,86.5,82.0,79.5,79.0,78.0,79.0,81.5,84.5,86.5,89.0,91.5,97.0,100.5,101.0,101.0,100.0,99.5,97.0,94.0,91.5
314,98.0,95.5,92.0,90.5,90.0,89.0,86.5,82.0,79.5,79.0,78.0,79.0,81.5,84.5,86.5,89.0,91.5,97.0,100.5,101.0,101.0,100.0,99.5,97.0,94.0,91.5,88.0
315,95.5,92.0,90.5,90.0,89.0,86.5,82.0,79.5,79.0,78.0,79.0,81.5,84.5,86.5,89.0,91.5,97.0,100.5,101.0,101.0,100.0,99.5,97.0,94.0,91.5,88.0,85.0
316,92.0,90.5,90.0,89.0,86.5,82.0,79.5,79.0,78.0,79.0,81.5,84.5,86.5,89.0,91.5,97.0,100.5,101.0,101.0,100.0,99.5,97.0,94.0,91.5,88.0,85.0,81.5
317,90.5,90.0,89.0,86.5,82.0,79.5,79.0,78.0,79.0,81.5,84.5,86.5,89.0,91.5,97.0,100.5,101.0,101.0,100.0,99.5,97.0,94.0,91.5,88.0,85.0,81.5,80.0
318,90.0,89.0,86.5,82.0,79.5,79.0,78.0,79.0,81.5,84.5,86.5,89.0,91.5,97.0,100.5,101.0,101.0,100.0,99.5,97.0,94.0,91.5,88.0,85.0,81.5,80.0,78.5
319,89.0,86.5,82.0,79.5,79.0,78.0,79.0,81.5,84.5,86.5,89.0,91.5,97.0,100.5,101.0,101.0,100.0,99.5,97.0,94.0,91.5,88.0,85.0,81.5,80.0,78.5,76.0
320,86.5,82.0,79.5,79.0,78.0,79.0,81.5,84.5,86.5,89.0,91.5,97.0,100.5,101.0,101.0,100.0,99.5,97.0,94.0,91.5,88.0,85.0,81.5,80.0,78.5,76.0,75.5
321,82.0,79.5,79.0,78.0,79.0,81.5,84.5,86.5,89.0,91.5,97.0,100.5,101.0,101.0,100.0,99.5,97.0,94.0,91.5,88.0,85.0,81.5,80.0,78.5,76.0,75.5,75.0
322,79.5,79.0,78.0,79.0,81.5,84.5,86.5,89.0,91.5,97.0,100.5,101.0,101.0,100.0,99.5,97.0,94.0,91.5,88.0,85.0,81.5,80.0,78.5,76.0,75.5,75.0,76.0
323,79.0,78.0,79.0,81.5,84.5,86.5,89.0,91.5,97.0,100.5,101.0,101.0,100.0,99.5,97.0,94.0,91.5,88.0,85.0,81.5,80.0,78.5,76.0,75.5,75.0,76.0,77.5
324,78.0,79.0,81.5,84.5,86.5,89.0,91.5,97.0,100.5,101.0,101.0,100.0,99.5,97.0,94.0,91.5,88.0,85.0,81.5,80.0,78.5,76.0,75.5,75.0,76.0,77.5,80.5
325,79.0,81.5,84.5,86.5,89.0,91.5,97.0,100.5,101.0,101.0,100.0,99.5,97.0,94.0,91.5,88.0,85.0,81.5,80.0,78.5,76.0,75.5,75.0,76.0,77.5,80.5,84.0
326,81.5,84.5,86.5,89.0,91.5,97.0,100.5,101.0,101.0,100.0,99.5,97.0,94.0,91.5,88.0,85.0,81.5,80.0,78.5,76.0,75.5,75.0,76.0,77.5,80.5,84.0,90.0
327,84.5,86.5,89.0,91.5,97.0,100.5,101.0,101.0,100.0,99.5,97.0,94.0,91.5,88.0,85.0,81.5,80.0,78.5,76.0,75.5,75.0,76.0,77.5,80.5,84.0,90.0,100.0
328,86.5,89.0,91.5,97.0,100.5,101.0,101.0,100.0,99.5,97.0,94.0,91.5,88.0,85.0,81.5,80.0,78.5,76.0,75.5,75.0,76.0,77.5,80.5,84.0,90.0,100.0,104.5
329,89.0,91.5,97.0,100.5,101.0,101.0,100.0,99.5,97.0,94.0,91.5,88.0,85.0,81.5,80.0,78.5,76.0,75.5,75.0,76.0,77.5,80.5,84.0,90.0,100.0,104.5,115.5
330,91.5,97.0,100.5,101.0,101.0,100.0,99.5,97.0,94.0,91.5,88.0,85.0,81.5,80.0,78.5,76.0,75.5,75.0,76.0,77.5,80.5,84.0,90.0,100.0,104.5,115.5,118.5
331,97.0,100.5,101.0,101.0,100.0,99.5,97.0,94.0,91.5,88.0,85.0,81.5,80.0,78.5,76.0,75.5,75.0,76.0,77.5,80.5,84.0,90.0,100.0,104.5,115.5,118.5,111.0
332,100.5,101.0,101.0,100.0,99.5,97.0,94.0,91.5,88.0,85.0,81.5,80.0,78.5,76.0,75.5,75.0,76.0,77.5,80.5,84.0,90.0,100.0,104.5,115.5,118.5,111.0,108.5
333,101.0,101.0,100.0,99.5,97.0,94.0,91.5,88.0,85.0,81.5,80.0,78.5,76.0,75.5,75.0,76.0,77.5,80.5,84.0,90.0,100.0,104.5,115.5,118.5,111.0,108.5,106.5
334,101.0,100.0,99.5,97.0,94.0,91.5,88.0,85.0,81.5,80.0,78.5,76.0,75.5,75.0,76.0,77.5,80.5,84.0,90.0,100.0,104.5,115.5,118.5,111.0,108.5,106.5,105.0
335,100.0,99.5,97.0,94.0,91.5,88.0,85.0,81.5,80.0,78.5,76.0,75.5,75.0,76.0,77.5,80.5,84.0,90.0,100.0,104.5,115.5,118.5,111.0,108.5,106.5,105.0,104.0
336,99.5,97.0,94.0,91.5,88.0,85.0,81.5,80.0,78.5,76.0,75.5,75.0,76.0,77.5,80.5,84.0,90.0,100.0,104.5,115.5,118.5,111.0,108.5,106.5,105.0,104.0,103.0
337,97.0,94.0,91.5,88.0,85.0,81.5,80.0,78.5,76.0,75.5,75.0,76.0,77.5,80.5,84.0,90.0,100.0,104.5,115.5,118.5,111.0,108.5,106.5,105.0,104.0,103.0,97.5
338,94.0,91.5,88.0,85.0,81.5,80.0,78.5,76.0,75.5,75.0,76.0,77.5,80.5,84.0,90.0,100.0,104.5,115.5,118.5,111.0,108.5,106.5,105.0,104.0,103.0,97.5,82.5
339,91.5,88.0,85.0,81.5,80.0,78.5,76.0,75.5,75.0,76.0,77.5,80.5,84.0,90.0,100.0,104.5,115.5,118.5,111.0,108.5,106.5,105.0,104.0,103.0,97.5,82.5,96.0
340,88.0,85.0,81.5,80.0,78.5,76.0,75.5,75.0,76.0,77.5,80.5,84.0,90.0,100.0,104.5,115.5,118.5,111.0,108.5,106.5,105.0,104.0,103.0,97.5,82.5,96.0,95.5
341,85.0,81.5,80.0,78.5,76.0,75.5,75.0,76.0,77.5,80.5,84.0,90.0,100.0,104.5,115.5,118.5,111.0,108.5,106.5,105.0,104.0,103.0,97.5,82.5,96.0,95.5,94.5
342,81.5,80.0,78.5,76.0,75.5,75.0,76.0,77.5,80.5,84.0,90.0,100.0,104.5,115.5,118.5,111.0,108.5,106.5,105.0,104.0,103.0,97.5,82.5,96.0,95.5,94.5,93.5
343,80.0,78.5,76.0,75.5,75.0,76.0,77.5,80.5,84.0,90.0,100.0,104.5,115.5,118.5,111.0,108.5,106.5,105.0,104.0,103.0,97.5,82.5,96.0,95.5,94.5,93.5,96.5
344,78.5,76.0,75.5,75.0,76.0,77.5,80.5,84.0,90.0,100.0,104.5,115.5,118.5,111.0,108.5,106.5,105.0,104.0,103.0,97.5,82.5,96.0,95.5,94.5,93.5,96.5,99.0
345,76.0,75.5,75.0,76.0,77.5,80.5,84.0,90.0,100.0,104.5,115.5,118.5,111.0,108.5,106.5,105.0,104.0,103.0,97.5,82.5,96.0,95.5,94.5,93.5,96.5,99.0,103.25
346,75.5,75.0,76.0,77.5,80.5,84.0,90.0,100.0,104.5,115.5,118.5,111.0,108.5,106.5,105.0,104.0,103.0,97.5,82.5,96.0,95.5,94.5,93.5,96.5,99.0,103.25,107.0
347,75.0,76.0,77.5,80.5,84.0,90.0,100.0,104.5,115.5,118.5,111.0,108.5,106.5,105.0,104.0,103.0,97.5,82.5,96.0,95.5,94.5,93.5,96.5,99.0,103.25,107.0,110.5
348,76.0,77.5,80.5,84.0,90.0,100.0,104.5,115.5,118.5,111.0,108.5,106.5,105.0,104.0,103.0,97.5,82.5,96.0,95.5,94.5,93.5,96.5,99.0,103.25,107.0,110.5,111.0
349,77.5,80.5,84.0,90.0,100.0,104.5,115.5,118.5,111.0,108.5,106.5,105.0,104.0,103.0,97.5,82.5,96.0,95.5,94.5,93.5,96.5,99.0,103.25,107.0,110.5,111.0,114.0
350,80.5,84.0,90.0,100.0,104.5,115.5,118.5,111.0,108.5,106.5,105.0,104.0,103.0,97.5,82.5,96.0,95.5,94.5,93.5,96.5,99.0,103.25,107.0,110.5,111.0,114.0,117.0
351,84.0,90.0,100.0,104.5,115.5,118.5,111.0,108.5,106.5,105.0,104.0,103.0,97.5,82.5,96.0,95.5,94.5,93.5,96.5,99.0,103.25,107.0,110.5,111.0,114.0,117.0,120.5
352,90.0,100.0,104.5,115.5,118.5,111.0,108.5,106.5,105.0,104.0,103.0,97.5,82.5,96.0,95.5,94.5,93.5,96.5,99.0,103.25,107.0,110.5,111.0,114.0,117.0,120.5,122.0
353,100.0,104.5,115.5,118.5,111.0,108.5,106.5,105.0,104.0,103.0,97.5,82.5,96.0,95.5,94.5,93.5,96.5,99.0,103.25,107.0,110.5,111.0,114.0,117.0,120.5,122.0,124.5
354,104.5,115.5,118.5,111.0,108.5,106.5,105.0,104.0,103.0,97.5,82.5,96.0,95.5,94.5,93.5,96.5,99.0,103.25,107.0,110.5,111.0,114.0,117.0,120.5,122.0,124.5,125.0
355,115.5,118.5,111.0,108.5,106.5,105.0,104.0,103.0,97.5,82.5,96.0,95.5,94.5,93.5,96.5,99.0,103.25,107.0,110.5,111.0,114.0,117.0,120.5,122.0,124.5,125.0,124.0
356,118.5,111.0,108.5,106.5,105.0,104.0,103.0,97.5,82.5,96.0,95.5,94.5,93.5,96.5,99.0,103.25,107.0,110.5,111.0,114.0,117.0,120.5,122.0,124.5,125.0,124.0,119.0
357,111.0,108.5,106.5,105.0,104.0,103.0,97.5,82.5,96.0,95.5,94.5,93.5,96.5,99.0,103.25,107.0,110.5,111.0,114.0,117.0,120.5,122.0,124.5,125.0,124.0,119.0,115.5
358,108.5,106.5,105.0,104.0,103.0,97.5,82.5,96.0,95.5,94.5,93.5,96.5,99.0,103.25,107.0,110.5,111.0,114.0,117.0,120.5,122.0,124.5,125.0,124.0,119.0,115.5,111.0
359,106.5,105.0,104.0,103.0,97.5,82.5,96.0,95.5,94.5,93.5,96.5,99.0,103.25,107.0,110.5,111.0,114.0,117.0,120.5,122.0,124.5,125.0,124.0,119.0,115.5,111.0,104.0
360,105.0,104.0,103.0,97.5,82.5,96.0,95.5,94.5,93.5,96.5,99.0,103.25,107.0,110.5,111.0,114.0,117.0,120.5,122.0,124.5,125.0,124.0,119.0,115.5,111.0,104.0,98.0
361,104.0,103.0,97.5,82.5,96.0,95.5,94.5,93.5,96.5,99.0,103.25,107.0,110.5,111.0,114.0,117.0,120.5,122.0,124.5,125.0,124.0,119.0,115.5,111.0,104.0,98.0,89.5
362,103.0,97.5,82.5,96.0,95.5,94.5,93.5,96.5,99.0,103.25,107.0,110.5,111.0,114.0,117.0,120.5,122.0,124.5,125.0,124.0,119.0,115.5,111.0,104.0,98.0,89.5,94.0
363,97.5,82.5,96.0,95.5,94.5,93.5,96.5,99.0,103.25,107.0,110.5,111.0,114.0,117.0,120.5,122.0,124.5,125.0,124.0,119.0,115.5,111.0,104.0,98.0,89.5,94.0,96.0
364,82.5,96.0,95.5,94.5,93.5,96.5,99.0,103.25,107.0,110.5,111.0,114.0,117.0,120.5,122.0,124.5,125.0,124.0,119.0,115.5,111.0,104.0,98.0,89.5,94.0,96.0,102.0
365,96.0,95.5,94.5,93.5,96.5,99.0,103.25,107.0,110.5,111.0,114.0,117.0,120.5,122.0,124.5,125.0,124.0,119.0,115.5,111.0,104.0,98.0,89.5,94.0,96.0,102.0,104.5
366,95.5,94.5,93.5,96.5,99.0,103.25,107.0,110.5,111.0,114.0,117.0,120.5,122.0,124.5,125.0,124.0,119.0,115.5,111.0,104.0,98.0,89.5,94.0,96.0,102.0,104.5,108.5
367,94.5,93.5,96.5,99.0,103.25,107.0,110.5,111.0,114.0,117.0,120.5,122.0,124.5,125.0,124.0,119.0,115.5,111.0,104.0,98.0,89.5,94.0,96.0,102.0,104.5,108.5,118.0
368,93.5,96.5,99.0,103.25,107.0,110.5,111.0,114.0,117.0,120.5,122.0,124.5,125.0,124.0,119.0,115.5,111.0,104.0,98.0,89.5,94.0,96.0,102.0,104.5,108.5,118.0,123.0
369,96.5,99.0,103.25,107.0,110.5,111.0,114.0,117.0,120.5,122.0,124.5,125.0,124.0,119.0,115.5,111.0,104.0,98.0,89.5,94.0,96.0,102.0,104.5,108.5,118.0,123.0,125.5
370,99.0,103.25,107.0,110.5,111.0,114.0,117.0,120.5,122.0,124.5,125.0,124.0,119.0,115.5,111.0,104.0,98.0,89.5,94.0,96.0,102.0,104.5,108.5,118.0,123.0,125.5,127.0
371,103.25,107.0,110.5,111.0,114.0,117.0,120.5,122.0,124.5,125.0,124.0,119.0,115.5,111.0,104.0,98.0,89.5,94.0,96.0,102.0,104.5,108.5,118.0,123.0,125.5,127.0,129.0
372,107.0,110.5,111.0,114.0,117.0,120.5,122.0,124.5,125.0,124.0,119.0,115.5,111.0,104.0,98.0,89.5,94.0,96.0,102.0,104.5,108.5,118.0,123.0,125.5,127.0,129.0,129.0
373,110.5,111.0,114.0,117.0,120.5,122.0,124.5,125.0,124.0,119.0,115.5,111.0,104.0,98.0,89.5,94.0,96.0,102.0,104.5,108.5,118.0,123.0,125.5,127.0,129.0,129.0,128.0
374,111.0,114.0,117.0,120.5,122.0,124.5,125.0,124.0,119.0,115.5,111.0,104.0,98.0,89.5,94.0,96.0,102.0,104.5,108.5,118.0,123.0,125.5,127.0,129.0,129.0,128.0,128.5
375,114.0,117.0,120.5,122.0,124.5,125.0,124.0,119.0,115.5,111.0,104.0,98.0,89.5,94.0,96.0,102.0,104.5,108.5,118.0,123.0,125.5,127.0,129.0,129.0,128.0,128.5,128.5
376,117.0,120.5,122.0,124.5,125.0,124.0,119.0,115.5,111.0,104.0,98.0,89.5,94.0,96.0,102.0,104.5,108.5,118.0,123.0,125.5,127.0,129.0,129.0,128.0,128.5,128.5,129.0
377,120.5,122.0,124.5,125.0,124.0,119.0,115.5,111.0,104.0,98.0,89.5,94.0,96.0,102.0,104.5,108.5,118.0,123.0,125.5,127.0,129.0,129.0,128.0,128.5,128.5,129.0,131.0
378,122.0,124.5,125.0,124.0,119.0,115.5,111.0,104.0,98.0,89.5,94.0,96.0,102.0,104.5,108.5,118.0,123.0,125.5,127.0,129.0,129.0,128.0,128.5,128.5,129.0,131.0,131.0
379,124.5,125.0,124.0,119.0,115.5,111.0,104.0,98.0,89.5,94.0,96.0,102.0,104.5,108.5,118.0,123.0,125.5,127.0,129.0,129.0,128.0,128.5,128.5,129.0,131.0,131.0,130.0
380,125.0,124.0,119.0,115.5,111.0,104.0,98.0,89.5,94.0,96.0,102.0,104.5,108.5,118.0,123.0,125.5,127.0,129.0,129.0,128.0,128.5,128.5,129.0,131.0,131.0,130.0,128.5
381,124.0,119.0,115.5,111.0,104.0,98.0,89.5,94.0,96.0,102.0,104.5,108.5,118.0,123.0,125.5,127.0,129.0,129.0,128.0,128.5,128.5,129.0,131.0,131.0,130.0,128.5,126.0
382,119.0,115.5,111.0,104.0,98.0,89.5,94.0,96.0,102.0,104.5,108.5,118.0,123.0,125.5,127.0,129.0,129.0,128.0,128.5,128.5,129.0,131.0,131.0,130.0,128.5,126.0,120.5
383,115.5,111.0,104.0,98.0,89.5,94.0,96.0,102.0,104.5,108.5,118.0,123.0,125.5,127.0,129.0,129.0,128.0,128.5,128.5,129.0,131.0,131.0,130.0,128.5,126.0,120.5,115.5
384,111.0,104.0,98.0,89.5,94.0,96.0,102.0,104.5,108.5,118.0,123.0,125.5,127.0,129.0,129.0,128.0,128.5,128.5,129.0,131.0,131.0,130.0,128.5,126.0,120.5,115.5,109.5
385,104.0,98.0,89.5,94.0,96.0,102.0,104.5,108.5,118.0,123.0,125.5,127.0,129.0,129.0,128.0,128.5,128.5,129.0,131.0,131.0,130.0,128.5,126.0,120.5,115.5,109.5,102.0
386,98.0,89.5,94.0,96.0,102.0,104.5,108.5,118.0,123.0,125.5,127.0,129.0,129.0,128.0,128.5,128.5,129.0,131.0,131.0,130.0,128.5,126.0,120.5,115.5,109.5,102.0,105.5
387,89.5,94.0,96.0,102.0,104.5,108.5,118.0,123.0,125.5,127.0,129.0,129.0,128.0,128.5,128.5,129.0,131.0,131.0,130.0,128.5,126.0,120.5,115.5,109.5,102.0,105.5,104.0
388,94.0,96.0,102.0,104.5,108.5,118.0,123.0,125.5,127.0,129.0,129.0,128.0,128.5,128.5,129.0,131.0,131.0,130.0,128.5,126.0,120.5,115.5,109.5,102.0,105.5,104.0,106.5
389,96.0,102.0,104.5,108.5,118.0,123.0,125.5,127.0,129.0,129.0,128.0,128.5,128.5,129.0,131.0,131.0,130.0,128.5,126.0,120.5,115.5,109.5,102.0,105.5,104.0,106.5,109.0
390,102.0,104.5,108.5,118.0,123.0,125.5,127.0,129.0,129.0,128.0,128.5,128.5,129.0,131.0,131.0,130.0,128.5,126.0,120.5,115.5,109.5,102.0,105.5,104.0,106.5,109.0,112.5
391,104.5,108.5,118.0,123.0,125.5,127.0,129.0,129.0,128.0,128.5,128.5,129.0,131.0,131.0,130.0,128.5,126.0,120.5,115.5,109.5,102.0,105.5,104.0,106.5,109.0,112.5,119.0
392,108.5,118.0,123.0,125.5,127.0,129.0,129.0,128.0,128.5,128.5,129.0,131.0,131.0,130.0,128.5,126.0,120.5,115.5,109.5,102.0,105.5,104.0,106.5,109.0,112.5,119.0,126.0
393,118.0,123.0,125.5,127.0,129.0,129.0,128.0,128.5,128.5,129.0,131.0,131.0,130.0,128.5,126.0,120.5,115.5,109.5,102.0,105.5,104.0,106.5,109.0,112.5,119.0,126.0,131.0
394,123.0,125.5,127.0,129.0,129.0,128.0,128.5,128.5,129.0,131.0,131.0,130.0,128.5,126.0,120.5,115.5,109.5,102.0,105.5,104.0,106.5,109.0,112.5,119.0,126.0,131.0,135.5
395,125.5,127.0,129.0,129.0,128.0,128.5,128.5,129.0,131.0,131.0,130.0,128.5,126.0,120.5,115.5,109.5,102.0,105.5,104.0,106.5,109.0,112.5,119.0,126.0,131.0,135.5,139.5
396,127.0,129.0,129.0,128.0,128.5,128.5,129.0,131.0,131.0,130.0,128.5,126.0,120.5,115.5,109.5,102.0,105.5,104.0,106.5,109.0,112.5,119.0,126.0,131.0,135.5,139.5,141.5
397,129.0,129.0,128.0,128.5,128.5,129.0,131.0,131.0,130.0,128.5,126.0,120.5,115.5,109.5,102.0,105.5,104.0,106.5,109.0,112.5,119.0,126.0,131.0,135.5,139.5,141.5,141.5
398,129.0,128.0,128.5,128.5,129.0,131.0,131.0,130.0,128.5,126.0,120.5,115.5,109.5,102.0,105.5,104.0,106.5,109.0,112.5,119.0,126.0,131.0,135.5,139.5,141.5,141.5,142.0
399,128.0,128.5,128.5,129.0,131.0,131.0,130.0,128.5,126.0,120.5,115.5,109.5,102.0,105.5,104.0,106.5,109.0,112.5,119.0,126.0,131.0,135.5,139.5,141.5,141.5,142.0,143.0
400,128.5,128.5,129.0,131.0,131.0,130.0,128.5,126.0,120.5,115.5,109.5,102.0,105.5,104.0,106.5,109.0,112.5,119.0,126.0,131.0,135.5,139.5,141.5,141.5,142.0,143.0,144.0
401,128.5,129.0,131.0,131.0,130.0,128.5,126.0,120.5,115.5,109.5,102.0,105.5,104.0,106.5,109.0,112.5,119.0,126.0,131.0,135.5,139.5,141.5,141.5,142.0,143.0,144.0,144.5
402,129.0,131.0,131.0,130.0,128.5,126.0,120.5,115.5,109.5,102.0,105.5,104.0,106.5,109.0,112.5,119.0,126.0,131.0,135.5,139.5,141.5,141.5,142.0,143.0,144.0,144.5,144.0
403,131.0,131.0,130.0,128.5,126.0,120.5,115.5,109.5,102.0,105.5,104.0,106.5,109.0,112.5,119.0,126.0,131.0,135.5,139.5,141.5,141.5,142.0,143.0,144.0,144.5,144.0,141.0
404,131.0,130.0,128.5,126.0,120.5,115.5,109.5,102.0,105.5,104.0,106.5,109.0,112.5,119.0,126.0,131.0,135.5,139.5,141.5,141.5,142.0,143.0,144.0,144.5,144.0,141.0,138.5
405,130.0,128.5,126.0,120.5,115.5,109.5,102.0,105.5,104.0,106.5,109.0,112.5,119.0,126.0,131.0,135.5,139.5,141.5,141.5,142.0,143.0,144.0,144.5,144.0,141.0,138.5,134.5
