Datetime,NH3_N,sin_hour,cos_hour,sin_day,cos_day
2021-12-23 00:00:00,0.2226557267676766,0.0,1.0,-0.9945218953682734,0.10452846326765299
2021-12-23 01:00:00,0.1973141136363635,0.25881904510252074,0.9659258262890683,-0.9945218953682734,0.10452846326765299
2021-12-23 02:00:00,0.1838932685425684,0.49999999999999994,0.8660254037844387,-0.9945218953682734,0.10452846326765299
2021-12-23 03:00:00,0.1823931914862914,0.7071067811865476,0.7071067811865476,-0.9945218953682734,0.10452846326765299
2021-12-23 04:00:00,0.1928138824675321,0.8660254037844386,0.5000000000000001,-0.9945218953682734,0.10452846326765299
2021-12-23 05:00:00,0.1077579016594514,0.9659258262890683,0.25881904510252074,-0.9945218953682734,0.10452846326765299
2021-12-23 06:00:00,0.2534462186147182,1.0,6.123233995736766e-17,-0.9945218953682734,0.10452846326765299
2021-12-23 07:00:00,0.5078667196248189,0.9659258262890683,-0.25881904510252063,-0.9945218953682734,0.10452846326765299
2021-12-23 08:00:00,0.7214005822510813,0.8660254037844387,-0.4999999999999998,-0.9945218953682734,0.10452846326765299
2021-12-23 09:00:00,0.8370503523809513,0.7071067811865476,-0.7071067811865475,-0.9945218953682734,0.10452846326765299
2021-12-23 10:00:00,0.8422322559163049,0.49999999999999994,-0.8660254037844387,-0.9945218953682734,0.10452846326765299
2021-12-23 11:00:00,0.7324233838383829,0.258819045102521,-0.9659258262890682,-0.9945218953682734,0.10452846326765299
2021-12-23 12:00:00,0.5023261202020195,1.2246467991473532e-16,-1.0,-0.9945218953682734,0.10452846326765299
2021-12-23 13:00:00,0.2242949863636359,-0.2588190451025208,-0.9659258262890683,-0.9945218953682734,0.10452846326765299
2021-12-23 14:00:00,0.19807082034632,-0.4999999999999997,-0.8660254037844388,-0.9945218953682734,0.10452846326765299
2021-12-23 15:00:00,0.2426093307359303,-0.7071067811865471,-0.7071067811865479,-0.9945218953682734,0.10452846326765299
2021-12-23 16:00:00,0.2769824632756128,-0.8660254037844385,-0.5000000000000004,-0.9945218953682734,0.10452846326765299
2021-12-23 17:00:00,0.2966336598845595,-0.9659258262890683,-0.25881904510252063,-0.9945218953682734,0.10452846326765299
2021-12-23 18:00:00,0.3026641006493502,-1.0,-1.8369701987210297e-16,-0.9945218953682734,0.10452846326765299
2021-12-23 19:00:00,0.2933463337662333,-0.9659258262890684,0.2588190451025203,-0.9945218953682734,0.10452846326765299
2021-12-23 20:00:00,0.2701028408369404,-0.8660254037844386,0.5000000000000001,-0.9945218953682734,0.10452846326765299
2021-12-23 21:00:00,0.2473345099567095,-0.7071067811865477,0.7071067811865474,-0.9945218953682734,0.10452846326765299
2021-12-23 22:00:00,0.2270801082972579,-0.5000000000000004,0.8660254037844384,-0.9945218953682734,0.10452846326765299
2021-12-23 23:00:00,0.2110653722222218,-0.25881904510252157,0.9659258262890681,-0.9945218953682734,0.10452846326765299
2021-12-24 00:00:00,0.210347774314574,0.0,1.0,-0.9510565162951536,0.30901699437494723
2021-12-24 01:00:00,0.2267053754689751,0.25881904510252074,0.9659258262890683,-0.9510565162951536,0.30901699437494723
2021-12-24 02:00:00,0.2401264851370848,0.49999999999999994,0.8660254037844387,-0.9510565162951536,0.30901699437494723
2021-12-24 03:00:00,0.249235535425685,0.7071067811865476,0.7071067811865476,-0.9510565162951536,0.30901699437494723
2021-12-24 04:00:00,0.2534010155122651,0.8660254037844386,0.5000000000000001,-0.9510565162951536,0.30901699437494723
2021-12-24 05:00:00,0.2516768911255407,0.9659258262890683,0.25881904510252074,-0.9510565162951536,0.30901699437494723
2021-12-24 06:00:00,0.2431402579365075,1.0,6.123233995736766e-17,-0.9510565162951536,0.30901699437494723
2021-12-24 07:00:00,0.2292351066378062,0.9659258262890683,-0.25881904510252063,-0.9510565162951536,0.30901699437494723
2021-12-24 08:00:00,0.2243172549783546,0.8660254037844387,-0.4999999999999998,-0.9510565162951536,0.30901699437494723
2021-12-24 09:00:00,0.226578613419913,0.7071067811865476,-0.7071067811865475,-0.9510565162951536,0.30901699437494723
2021-12-24 10:00:00,0.2335817479076475,0.49999999999999994,-0.8660254037844387,-0.9510565162951536,0.30901699437494723
2021-12-24 11:00:00,0.2562298474747471,0.258819045102521,-0.9659258262890682,-0.9510565162951536,0.30901699437494723
2021-12-24 12:00:00,0.2742348813131309,1.2246467991473532e-16,-1.0,-0.9510565162951536,0.30901699437494723
2021-12-24 13:00:00,0.2835268025252521,-0.2588190451025208,-0.9659258262890683,-0.9510565162951536,0.30901699437494723
2021-12-24 14:00:00,0.2833562675324671,-0.4999999999999997,-0.8660254037844388,-0.9510565162951536,0.30901699437494723
2021-12-24 15:00:00,0.2741053917027413,-0.7071067811865471,-0.7071067811865479,-0.9510565162951536,0.30901699437494723
2021-12-24 16:00:00,0.25577718051948,-0.8660254037844385,-0.5000000000000004,-0.9510565162951536,0.30901699437494723
2021-12-24 17:00:00,0.2320542774891771,-0.9659258262890683,-0.25881904510252063,-0.9510565162951536,0.30901699437494723
2021-12-24 18:00:00,0.2193911568542564,-1.0,-1.8369701987210297e-16,-0.9510565162951536,0.30901699437494723
2021-12-24 19:00:00,0.2214247015151511,-0.9659258262890684,0.2588190451025203,-0.9510565162951536,0.30901699437494723
2021-12-24 20:00:00,0.2197398161616158,-0.8660254037844386,0.5000000000000001,-0.9510565162951536,0.30901699437494723
2021-12-24 21:00:00,0.2184476608946605,-0.7071067811865477,0.7071067811865474,-0.9510565162951536,0.30901699437494723
2021-12-24 22:00:00,0.2176354847041843,-0.5000000000000004,0.8660254037844384,-0.9510565162951536,0.30901699437494723
2021-12-24 23:00:00,0.2170275725108221,-0.25881904510252157,0.9659258262890681,-0.9510565162951536,0.30901699437494723
2021-12-25 00:00:00,0.2164207104617601,0.0,1.0,-0.8660254037844386,0.5000000000000001
2021-12-25 01:00:00,0.2164055919913416,0.25881904510252074,0.9659258262890683,-0.8660254037844386,0.5000000000000001
2021-12-25 02:00:00,0.2167761412698409,0.49999999999999994,0.8660254037844387,-0.8660254037844386,0.5000000000000001
2021-12-25 03:00:00,0.2179883101731598,0.7071067811865476,0.7071067811865476,-0.8660254037844386,0.5000000000000001
2021-12-25 04:00:00,0.219311411327561,0.8660254037844386,0.5000000000000001,-0.8660254037844386,0.5000000000000001
2021-12-25 05:00:00,0.2206932079365076,0.9659258262890683,0.25881904510252074,-0.8660254037844386,0.5000000000000001
2021-12-25 06:00:00,0.2223000841991338,1.0,6.123233995736766e-17,-0.8660254037844386,0.5000000000000001
2021-12-25 07:00:00,0.2241416416305913,0.9659258262890683,-0.25881904510252063,-0.8660254037844386,0.5000000000000001
2021-12-25 08:00:00,0.2255367001442998,0.8660254037844387,-0.4999999999999998,-0.8660254037844386,0.5000000000000001
2021-12-25 09:00:00,0.2266881888888885,0.7071067811865476,-0.7071067811865475,-0.8660254037844386,0.5000000000000001
2021-12-25 10:00:00,0.2276016023088019,0.49999999999999994,-0.8660254037844387,-0.8660254037844386,0.5000000000000001
2021-12-25 11:00:00,0.2294983215007211,0.258819045102521,-0.9659258262890682,-0.8660254037844386,0.5000000000000001
2021-12-25 12:00:00,0.2358296932900429,1.2246467991473532e-16,-1.0,-0.8660254037844386,0.5000000000000001
2021-12-25 13:00:00,0.2420169523088019,-0.2588190451025208,-0.9659258262890683,-0.8660254037844386,0.5000000000000001
2021-12-25 14:00:00,0.2444258432178928,-0.4999999999999997,-0.8660254037844388,-0.8660254037844386,0.5000000000000001
2021-12-25 15:00:00,0.242721047402597,-0.7071067811865471,-0.7071067811865479,-0.8660254037844386,0.5000000000000001
2021-12-25 16:00:00,0.2366230050505047,-0.8660254037844385,-0.5000000000000004,-0.8660254037844386,0.5000000000000001
2021-12-25 17:00:00,0.2274562814574311,-0.9659258262890683,-0.25881904510252063,-0.8660254037844386,0.5000000000000001
2021-12-25 18:00:00,0.2173943900432897,-1.0,-1.8369701987210297e-16,-0.8660254037844386,0.5000000000000001
2021-12-25 19:00:00,0.2072615910533907,-0.9659258262890684,0.2588190451025203,-0.8660254037844386,0.5000000000000001
2021-12-25 20:00:00,0.2044385506493503,-0.8660254037844386,0.5000000000000001,-0.8660254037844386,0.5000000000000001
2021-12-25 21:00:00,0.1969776635642132,-0.7071067811865477,0.7071067811865474,-0.8660254037844386,0.5000000000000001
2021-12-25 22:00:00,0.169945572366522,-0.5000000000000004,0.8660254037844384,-0.8660254037844386,0.5000000000000001
2021-12-25 23:00:00,0.2764500397546893,-0.25881904510252157,0.9659258262890681,-0.8660254037844386,0.5000000000000001
2021-12-26 00:00:00,0.436479657647907,0.0,1.0,-0.743144825477394,0.6691306063588585
2021-12-26 01:00:00,0.5500234968975461,0.25881904510252074,0.9659258262890683,-0.743144825477394,0.6691306063588585
2021-12-26 02:00:00,0.600620201803751,0.49999999999999994,0.8660254037844387,-0.743144825477394,0.6691306063588585
2021-12-26 03:00:00,0.5815607755411247,0.7071067811865476,0.7071067811865476,-0.743144825477394,0.6691306063588585
2021-12-26 04:00:00,0.4974152735930729,0.8660254037844386,0.5000000000000001,-0.743144825477394,0.6691306063588585
2021-12-26 05:00:00,0.3568988327561322,0.9659258262890683,0.25881904510252074,-0.743144825477394,0.6691306063588585
2021-12-26 06:00:00,0.2058788842712839,1.0,6.123233995736766e-17,-0.743144825477394,0.6691306063588585
2021-12-26 07:00:00,0.1921783485569982,0.9659258262890683,-0.25881904510252063,-0.743144825477394,0.6691306063588585
2021-12-26 08:00:00,0.2071583054834051,0.8660254037844387,-0.4999999999999998,-0.743144825477394,0.6691306063588585
2021-12-26 09:00:00,0.223125722438672,0.7071067811865476,-0.7071067811865475,-0.743144825477394,0.6691306063588585
2021-12-26 10:00:00,0.251218697330447,0.49999999999999994,-0.8660254037844387,-0.743144825477394,0.6691306063588585
2021-12-26 11:00:00,0.2842700833333329,0.258819045102521,-0.9659258262890682,-0.743144825477394,0.6691306063588585
2021-12-26 12:00:00,0.30935769047619,1.2246467991473532e-16,-1.0,-0.743144825477394,0.6691306063588585
2021-12-26 13:00:00,0.3138457647907643,-0.2588190451025208,-0.9659258262890683,-0.743144825477394,0.6691306063588585
2021-12-26 14:00:00,0.290059317460317,-0.4999999999999997,-0.8660254037844388,-0.743144825477394,0.6691306063588585
2021-12-26 15:00:00,0.2968957889610385,-0.7071067811865471,-0.7071067811865479,-0.743144825477394,0.6691306063588585
2021-12-26 16:00:00,0.3651443027417022,-0.8660254037844385,-0.5000000000000004,-0.743144825477394,0.6691306063588585
2021-12-26 17:00:00,0.5253571782828276,-0.9659258262890683,-0.25881904510252063,-0.743144825477394,0.6691306063588585
2021-12-26 18:00:00,0.6963000222222213,-1.0,-1.8369701987210297e-16,-0.743144825477394,0.6691306063588585
2021-12-26 19:00:00,0.7958375442279932,-0.9659258262890684,0.2588190451025203,-0.743144825477394,0.6691306063588585
2021-12-26 20:00:00,0.7894029928571418,-0.8660254037844386,0.5000000000000001,-0.743144825477394,0.6691306063588585
2021-12-26 21:00:00,0.6735558227994218,-0.7071067811865477,0.7071067811865474,-0.743144825477394,0.6691306063588585
2021-12-26 22:00:00,0.4799262712842705,-0.5000000000000004,0.8660254037844384,-0.743144825477394,0.6691306063588585
2021-12-26 23:00:00,0.2935829777056272,-0.25881904510252157,0.9659258262890681,-0.743144825477394,0.6691306063588585
2021-12-27 00:00:00,0.1527617737373734,0.0,1.0,-0.5877852522924734,0.8090169943749473
2021-12-27 01:00:00,0.1703506401875898,0.25881904510252074,0.9659258262890683,-0.5877852522924734,0.8090169943749473
2021-12-27 02:00:00,0.2995162393217888,0.49999999999999994,0.8660254037844387,-0.5877852522924734,0.8090169943749473
2021-12-27 03:00:00,0.4074703665223659,0.7071067811865476,0.7071067811865476,-0.5877852522924734,0.8090169943749473
2021-12-27 04:00:00,0.4676916691197684,0.8660254037844386,0.5000000000000001,-0.5877852522924734,0.8090169943749473
2021-12-27 05:00:00,0.4769568040404034,0.9659258262890683,0.25881904510252074,-0.5877852522924734,0.8090169943749473
2021-12-27 06:00:00,0.4321023828282823,1.0,6.123233995736766e-17,-0.5877852522924734,0.8090169943749473
2021-12-27 07:00:00,0.3257262971139966,0.9659258262890683,-0.25881904510252063,-0.5877852522924734,0.8090169943749473
2021-12-27 08:00:00,0.1766253585137082,0.8660254037844387,-0.4999999999999998,-0.5877852522924734,0.8090169943749473
2021-12-27 09:00:00,0.1315253341991339,0.7071067811865476,-0.7071067811865475,-0.5877852522924734,0.8090169943749473
2021-12-27 10:00:00,0.2339259270562766,0.49999999999999994,-0.8660254037844387,-0.5877852522924734,0.8090169943749473
2021-12-27 11:00:00,0.411206503679653,0.258819045102521,-0.9659258262890682,-0.5877852522924734,0.8090169943749473
2021-12-27 12:00:00,0.6054190739538231,1.2246467991473532e-16,-1.0,-0.5877852522924734,0.8090169943749473
2021-12-27 13:00:00,0.7392207043290033,-0.2588190451025208,-0.9659258262890683,-0.5877852522924734,0.8090169943749473
2021-12-27 14:00:00,0.7820554567821059,-0.4999999999999997,-0.8660254037844388,-0.5877852522924734,0.8090169943749473
2021-12-27 15:00:00,0.7550926775613266,-0.7071067811865471,-0.7071067811865479,-0.5877852522924734,0.8090169943749473
2021-12-27 16:00:00,0.6923171999999991,-0.8660254037844385,-0.5000000000000004,-0.5877852522924734,0.8090169943749473
2021-12-27 17:00:00,0.6663182655122646,-0.9659258262890683,-0.25881904510252063,-0.5877852522924734,0.8090169943749473
2021-12-27 18:00:00,0.6923878773448764,-1.0,-1.8369701987210297e-16,-0.5877852522924734,0.8090169943749473
2021-12-27 19:00:00,0.7306213951659442,-0.9659258262890684,0.2588190451025203,-0.5877852522924734,0.8090169943749473
2021-12-27 20:00:00,0.7093940915584406,-0.8660254037844386,0.5000000000000001,-0.5877852522924734,0.8090169943749473
2021-12-27 21:00:00,0.5974969283549776,-0.7071067811865477,0.7071067811865474,-0.5877852522924734,0.8090169943749473
2021-12-27 22:00:00,0.4297008390331884,-0.5000000000000004,0.8660254037844384,-0.5877852522924734,0.8090169943749473
2021-12-27 23:00:00,0.2768277089466085,-0.25881904510252157,0.9659258262890681,-0.5877852522924734,0.8090169943749473
2021-12-28 00:00:00,0.1850061012265509,0.0,1.0,-0.40673664307580015,0.913545457642601
2021-12-28 01:00:00,0.1596077207070704,0.25881904510252074,0.9659258262890683,-0.40673664307580015,0.913545457642601
2021-12-28 02:00:00,0.1600392058441555,0.49999999999999994,0.8660254037844387,-0.40673664307580015,0.913545457642601
2021-12-28 03:00:00,0.1669558959595956,0.7071067811865476,0.7071067811865476,-0.40673664307580015,0.913545457642601
2021-12-28 04:00:00,0.1674948642135639,0.8660254037844386,0.5000000000000001,-0.40673664307580015,0.913545457642601
2021-12-28 05:00:00,0.1666554244588741,0.9659258262890683,0.25881904510252074,-0.40673664307580015,0.913545457642601
2021-12-28 06:00:00,0.1503826246031743,1.0,6.123233995736766e-17,-0.40673664307580015,0.913545457642601
2021-12-28 07:00:00,0.0886964944444442,0.9659258262890683,-0.25881904510252063,-0.40673664307580015,0.913545457642601
2021-12-28 08:00:00,0.1244063136363633,0.8660254037844387,-0.4999999999999998,-0.40673664307580015,0.913545457642601
2021-12-28 09:00:00,0.288046132539682,0.7071067811865476,-0.7071067811865475,-0.40673664307580015,0.913545457642601
2021-12-28 10:00:00,0.6145367797979787,0.49999999999999994,-0.8660254037844387,-0.40673664307580015,0.913545457642601
2021-12-28 11:00:00,1.1349685999999983,0.258819045102521,-0.9659258262890682,-0.40673664307580015,0.913545457642601
2021-12-28 12:00:00,1.7700821468253944,1.2246467991473532e-16,-1.0,-0.40673664307580015,0.913545457642601
2021-12-28 13:00:00,2.301504286435783,-0.2588190451025208,-0.9659258262890683,-0.40673664307580015,0.913545457642601
2021-12-28 14:00:00,2.4854434458874426,-0.4999999999999997,-0.8660254037844388,-0.40673664307580015,0.913545457642601
2021-12-28 15:00:00,2.235127097763345,-0.7071067811865471,-0.7071067811865479,-0.40673664307580015,0.913545457642601
2021-12-28 16:00:00,1.749067160173158,-0.8660254037844385,-0.5000000000000004,-0.40673664307580015,0.913545457642601
2021-12-28 17:00:00,1.139748336652235,-0.9659258262890683,-0.25881904510252063,-0.40673664307580015,0.913545457642601
2021-12-28 18:00:00,0.5849556406926399,-1.0,-1.8369701987210297e-16,-0.40673664307580015,0.913545457642601
2021-12-28 19:00:00,0.2473744872294367,-0.9659258262890684,0.2588190451025203,-0.40673664307580015,0.913545457642601
2021-12-28 20:00:00,0.1371251732323229,-0.8660254037844386,0.5000000000000001,-0.40673664307580015,0.913545457642601
2021-12-28 21:00:00,0.1526897464646461,-0.7071067811865477,0.7071067811865474,-0.40673664307580015,0.913545457642601
2021-12-28 22:00:00,0.2390421626984123,-0.5000000000000004,0.8660254037844384,-0.40673664307580015,0.913545457642601
2021-12-28 23:00:00,0.3434692134920629,-0.25881904510252157,0.9659258262890681,-0.40673664307580015,0.913545457642601
2021-12-29 00:00:00,0.5050389836219329,0.0,1.0,-0.20791169081775898,0.9781476007338057
2021-12-29 01:00:00,0.6940553387445878,0.25881904510252074,0.9659258262890683,-0.20791169081775898,0.9781476007338057
2021-12-29 02:00:00,0.8047791787157277,0.49999999999999994,0.8660254037844387,-0.20791169081775898,0.9781476007338057
2021-12-29 03:00:00,0.802353144155843,0.7071067811865476,0.7071067811865476,-0.20791169081775898,0.9781476007338057
2021-12-29 04:00:00,0.6878853352813843,0.8660254037844386,0.5000000000000001,-0.20791169081775898,0.9781476007338057
2021-12-29 05:00:00,0.5102373706349199,0.9659258262890683,0.25881904510252074,-0.20791169081775898,0.9781476007338057
2021-12-29 06:00:00,0.3533393451659447,1.0,6.123233995736766e-17,-0.20791169081775898,0.9781476007338057
2021-12-29 07:00:00,0.2200605354978351,0.9659258262890683,-0.25881904510252063,-0.20791169081775898,0.9781476007338057
2021-12-29 08:00:00,0.1743612645021642,0.8660254037844387,-0.4999999999999998,-0.20791169081775898,0.9781476007338057
2021-12-29 09:00:00,0.2135838337662334,0.7071067811865476,-0.7071067811865475,-0.20791169081775898,0.9781476007338057
2021-12-29 10:00:00,0.2610105839105335,0.49999999999999994,-0.8660254037844387,-0.20791169081775898,0.9781476007338057
2021-12-29 11:00:00,0.3306554732323227,0.258819045102521,-0.9659258262890682,-0.20791169081775898,0.9781476007338057
2021-12-29 12:00:00,0.4398676054834048,1.2246467991473532e-16,-1.0,-0.20791169081775898,0.9781476007338057
2021-12-29 13:00:00,0.541004203751803,-0.2588190451025208,-0.9659258262890683,-0.20791169081775898,0.9781476007338057
2021-12-29 14:00:00,0.5776588298701291,-0.4999999999999997,-0.8660254037844388,-0.20791169081775898,0.9781476007338057
2021-12-29 15:00:00,0.5911489414141406,-0.7071067811865471,-0.7071067811865479,-0.20791169081775898,0.9781476007338057
2021-12-29 16:00:00,0.5965176360028852,-0.8660254037844385,-0.5000000000000004,-0.20791169081775898,0.9781476007338057
2021-12-29 17:00:00,0.5885909584415576,-0.9659258262890683,-0.25881904510252063,-0.20791169081775898,0.9781476007338057
2021-12-29 18:00:00,0.5414800600288593,-1.0,-1.8369701987210297e-16,-0.20791169081775898,0.9781476007338057
2021-12-29 19:00:00,0.4831257275613269,-0.9659258262890684,0.2588190451025203,-0.20791169081775898,0.9781476007338057
2021-12-29 20:00:00,0.4331023179653673,-0.8660254037844386,0.5000000000000001,-0.20791169081775898,0.9781476007338057
2021-12-29 21:00:00,0.3610437917748912,-0.7071067811865477,0.7071067811865474,-0.20791169081775898,0.9781476007338057
2021-12-29 22:00:00,0.2623370761183257,-0.5000000000000004,0.8660254037844384,-0.20791169081775898,0.9781476007338057
2021-12-29 23:00:00,0.2102963310966807,-0.25881904510252157,0.9659258262890681,-0.20791169081775898,0.9781476007338057
2021-12-30 00:00:00,0.2083723194805191,0.0,1.0,-1.133107779529596e-15,1.0
2021-12-30 01:00:00,0.2223997476190472,0.25881904510252074,0.9659258262890683,-1.133107779529596e-15,1.0
2021-12-30 02:00:00,0.234540239393939,0.49999999999999994,0.8660254037844387,-1.133107779529596e-15,1.0
2021-12-30 03:00:00,0.2406504528860025,0.7071067811865476,0.7071067811865476,-1.133107779529596e-15,1.0
2021-12-30 04:00:00,0.2403377660173156,0.8660254037844386,0.5000000000000001,-1.133107779529596e-15,1.0
2021-12-30 05:00:00,0.2337053580086576,0.9659258262890683,0.25881904510252074,-1.133107779529596e-15,1.0
2021-12-30 06:00:00,0.2228684504329001,1.0,6.123233995736766e-17,-1.133107779529596e-15,1.0
2021-12-30 07:00:00,0.2098667875180371,0.9659258262890683,-0.25881904510252063,-1.133107779529596e-15,1.0
2021-12-30 08:00:00,0.2086946711399707,0.8660254037844387,-0.4999999999999998,-1.133107779529596e-15,1.0
2021-12-30 09:00:00,0.224993784415584,0.7071067811865476,-0.7071067811865475,-1.133107779529596e-15,1.0
2021-12-30 10:00:00,0.2524232380230876,0.49999999999999994,-0.8660254037844387,-1.133107779529596e-15,1.0
2021-12-30 11:00:00,0.2749950642857138,0.258819045102521,-0.9659258262890682,-1.133107779529596e-15,1.0
2021-12-30 12:00:00,0.2886799308080804,1.2246467991473532e-16,-1.0,-1.133107779529596e-15,1.0
2021-12-30 13:00:00,0.2912794680375176,-0.2588190451025208,-0.9659258262890683,-1.133107779529596e-15,1.0
2021-12-30 14:00:00,0.2810314591630587,-0.4999999999999997,-0.8660254037844388,-1.133107779529596e-15,1.0
2021-12-30 15:00:00,0.2561113575757572,-0.7071067811865471,-0.7071067811865479,-1.133107779529596e-15,1.0
2021-12-30 16:00:00,0.2321301883116879,-0.8660254037844385,-0.5000000000000004,-1.133107779529596e-15,1.0
2021-12-30 17:00:00,0.2267885071428567,-0.9659258262890683,-0.25881904510252063,-1.133107779529596e-15,1.0
2021-12-30 18:00:00,0.2287018666666663,-1.0,-1.8369701987210297e-16,-1.133107779529596e-15,1.0
2021-12-30 19:00:00,0.2361003772005768,-0.9659258262890684,0.2588190451025203,-1.133107779529596e-15,1.0
2021-12-30 20:00:00,0.241733937373737,-0.8660254037844386,0.5000000000000001,-1.133107779529596e-15,1.0
2021-12-30 21:00:00,0.2441276215728712,-0.7071067811865477,0.7071067811865474,-1.133107779529596e-15,1.0
2021-12-30 22:00:00,0.2423379120490617,-0.5000000000000004,0.8660254037844384,-1.133107779529596e-15,1.0
2021-12-30 23:00:00,0.2364505971139967,-0.25881904510252157,0.9659258262890681,-1.133107779529596e-15,1.0
2021-12-31 00:00:00,0.229061128427128,0.0,1.0,0.2079116908177585,0.9781476007338058
2021-12-31 01:00:00,0.2238304472582968,0.25881904510252074,0.9659258262890683,0.2079116908177585,0.9781476007338058
2021-12-31 02:00:00,0.2232059111832608,0.49999999999999994,0.8660254037844387,0.2079116908177585,0.9781476007338058
2021-12-31 03:00:00,0.2278610638528135,0.7071067811865476,0.7071067811865476,0.2079116908177585,0.9781476007338058
2021-12-31 04:00:00,0.2314650053391049,0.8660254037844386,0.5000000000000001,0.2079116908177585,0.9781476007338058
2021-12-31 05:00:00,0.2343958601010097,0.9659258262890683,0.25881904510252074,0.2079116908177585,0.9781476007338058
2021-12-31 06:00:00,0.2304157717171713,1.0,6.123233995736766e-17,0.2079116908177585,0.9781476007338058
2021-12-31 07:00:00,0.1766831190476187,0.9659258262890683,-0.25881904510252063,0.2079116908177585,0.9781476007338058
2021-12-31 08:00:00,0.1493033640692638,0.8660254037844387,-0.4999999999999998,0.2079116908177585,0.9781476007338058
2021-12-31 09:00:00,0.2846873653679649,0.7071067811865476,-0.7071067811865475,0.2079116908177585,0.9781476007338058
2021-12-31 10:00:00,0.6316768653679644,0.49999999999999994,-0.8660254037844387,0.2079116908177585,0.9781476007338058
2021-12-31 11:00:00,1.1679936809523792,0.258819045102521,-0.9659258262890682,0.2079116908177585,0.9781476007338058
2021-12-31 12:00:00,1.7500877800865775,1.2246467991473532e-16,-1.0,0.2079116908177585,0.9781476007338058
2021-12-31 13:00:00,2.1879397476911944,-0.2588190451025208,-0.9659258262890683,0.2079116908177585,0.9781476007338058
2021-12-31 14:00:00,2.3106511375901846,-0.4999999999999997,-0.8660254037844388,0.2079116908177585,0.9781476007338058
2021-12-31 15:00:00,2.044633000360748,-0.7071067811865471,-0.7071067811865479,0.2079116908177585,0.9781476007338058
2021-12-31 16:00:00,1.5454132253968234,-0.8660254037844385,-0.5000000000000004,0.2079116908177585,0.9781476007338058
2021-12-31 17:00:00,1.0295799023809509,-0.9659258262890683,-0.25881904510252063,0.2079116908177585,0.9781476007338058
2021-12-31 18:00:00,0.6343034517316009,-1.0,-1.8369701987210297e-16,0.2079116908177585,0.9781476007338058
2021-12-31 19:00:00,0.4300832070707064,-0.9659258262890684,0.2588190451025203,0.2079116908177585,0.9781476007338058
2021-12-31 20:00:00,0.3714990042568536,-0.8660254037844386,0.5000000000000001,0.2079116908177585,0.9781476007338058
2021-12-31 21:00:00,0.3790545396825391,-0.7071067811865477,0.7071067811865474,0.2079116908177585,0.9781476007338058
2021-12-31 22:00:00,0.3860083098845593,-0.5000000000000004,0.8660254037844384,0.2079116908177585,0.9781476007338058
2021-12-31 23:00:00,0.3784629803751798,-0.25881904510252157,0.9659258262890681,0.2079116908177585,0.9781476007338058
2022-01-01 00:00:00,0.3688717709235204,0.0,1.0,0.20791169081775931,0.9781476007338057
2022-01-01 01:00:00,0.3571007841269836,0.25881904510252074,0.9659258262890683,0.20791169081775931,0.9781476007338057
2022-01-01 02:00:00,0.3627392963203458,0.49999999999999994,0.8660254037844387,0.20791169081775931,0.9781476007338057
2022-01-01 03:00:00,0.3766320156565651,0.7071067811865476,0.7071067811865476,0.20791169081775931,0.9781476007338057
2022-01-01 04:00:00,0.3916717264069258,0.8660254037844386,0.5000000000000001,0.20791169081775931,0.9781476007338057
2022-01-01 05:00:00,0.4043700161616155,0.9659258262890683,0.25881904510252074,0.20791169081775931,0.9781476007338057
2022-01-01 06:00:00,0.4132226734487728,1.0,6.123233995736766e-17,0.20791169081775931,0.9781476007338057
2022-01-01 07:00:00,0.4126775897546891,0.9659258262890683,-0.25881904510252063,0.20791169081775931,0.9781476007338057
2022-01-01 08:00:00,0.4009141761904756,0.8660254037844387,-0.4999999999999998,0.20791169081775931,0.9781476007338057
2022-01-01 09:00:00,0.4001698917748912,0.7071067811865476,-0.7071067811865475,0.20791169081775931,0.9781476007338057
2022-01-01 10:00:00,0.4048570054112549,0.49999999999999994,-0.8660254037844387,0.20791169081775931,0.9781476007338057
2022-01-01 11:00:00,0.4249822142135636,0.258819045102521,-0.9659258262890682,0.20791169081775931,0.9781476007338057
2022-01-01 12:00:00,0.5022296641414135,1.2246467991473532e-16,-1.0,0.20791169081775931,0.9781476007338057
2022-01-01 13:00:00,0.6180913453823945,-0.2588190451025208,-0.9659258262890683,0.20791169081775931,0.9781476007338057
2022-01-01 14:00:00,0.7153086885281376,-0.4999999999999997,-0.8660254037844388,0.20791169081775931,0.9781476007338057
2022-01-01 15:00:00,0.7648920175324664,-0.7071067811865471,-0.7071067811865479,0.20791169081775931,0.9781476007338057
2022-01-01 16:00:00,0.7582069739538229,-0.8660254037844385,-0.5000000000000004,0.20791169081775931,0.9781476007338057
2022-01-01 17:00:00,0.7113231658730148,-0.9659258262890683,-0.25881904510252063,0.20791169081775931,0.9781476007338057
2022-01-01 18:00:00,0.609944306782106,-1.0,-1.8369701987210297e-16,0.20791169081775931,0.9781476007338057
2022-01-01 19:00:00,0.5082361453823947,-0.9659258262890684,0.2588190451025203,0.20791169081775931,0.9781476007338057
2022-01-01 20:00:00,0.4566827635642129,-0.8660254037844386,0.5000000000000001,0.20791169081775931,0.9781476007338057
2022-01-01 21:00:00,0.4363132581529575,-0.7071067811865477,0.7071067811865474,0.20791169081775931,0.9781476007338057
2022-01-01 22:00:00,0.416430134632034,-0.5000000000000004,0.8660254037844384,0.20791169081775931,0.9781476007338057
2022-01-01 23:00:00,0.4579170162337655,-0.25881904510252157,0.9659258262890681,0.20791169081775931,0.9781476007338057
2022-01-02 00:00:00,0.6148188546176039,0.0,1.0,0.40673664307580015,0.9135454576426009
2022-01-02 01:00:00,0.7842091224386714,0.25881904510252074,0.9659258262890683,0.40673664307580015,0.9135454576426009
2022-01-02 02:00:00,0.8805548209235198,0.49999999999999994,0.8660254037844387,0.40673664307580015,0.9135454576426009
2022-01-02 03:00:00,0.8936033968975456,0.7071067811865476,0.7071067811865476,0.40673664307580015,0.9135454576426009
2022-01-02 04:00:00,0.8171467598124087,0.8660254037844386,0.5000000000000001,0.40673664307580015,0.9135454576426009
2022-01-02 05:00:00,0.6659021186868679,0.9659258262890683,0.25881904510252074,0.40673664307580015,0.9135454576426009
2022-01-02 06:00:00,0.4819392341269835,1.0,6.123233995736766e-17,0.40673664307580015,0.9135454576426009
2022-01-02 07:00:00,0.3545598483405477,0.9659258262890683,-0.25881904510252063,0.40673664307580015,0.9135454576426009
2022-01-02 08:00:00,0.3236039404761899,0.8660254037844387,-0.4999999999999998,0.40673664307580015,0.9135454576426009
2022-01-02 09:00:00,0.3577778408369402,0.7071067811865476,-0.7071067811865475,0.40673664307580015,0.9135454576426009
2022-01-02 10:00:00,0.4587032757575751,0.49999999999999994,-0.8660254037844387,0.40673664307580015,0.9135454576426009
2022-01-02 11:00:00,0.6187066610389601,0.258819045102521,-0.9659258262890682,0.40673664307580015,0.9135454576426009
2022-01-02 12:00:00,0.8057917504328993,1.2246467991473532e-16,-1.0,0.40673664307580015,0.9135454576426009
2022-01-02 13:00:00,1.0549337076479062,-0.2588190451025208,-0.9659258262890683,0.40673664307580015,0.9135454576426009
2022-01-02 14:00:00,1.3433603321067802,-0.4999999999999997,-0.8660254037844388,0.40673664307580015,0.9135454576426009
2022-01-02 15:00:00,1.4981384566378044,-0.7071067811865471,-0.7071067811865479,0.40673664307580015,0.9135454576426009
2022-01-02 16:00:00,1.4342503734487717,-0.8660254037844385,-0.5000000000000004,0.40673664307580015,0.9135454576426009
2022-01-02 17:00:00,1.285302199062047,-0.9659258262890683,-0.25881904510252063,0.40673664307580015,0.9135454576426009
2022-01-02 18:00:00,1.3382743415584395,-1.0,-1.8369701987210297e-16,0.40673664307580015,0.9135454576426009
2022-01-02 19:00:00,1.5265197653679632,-0.9659258262890684,0.2588190451025203,0.40673664307580015,0.9135454576426009
2022-01-02 20:00:00,1.6685193621212098,-0.8660254037844386,0.5000000000000001,0.40673664307580015,0.9135454576426009
2022-01-02 21:00:00,1.7263991446608924,-0.7071067811865477,0.7071067811865474,0.40673664307580015,0.9135454576426009
2022-01-02 22:00:00,1.6733526070707048,-0.5000000000000004,0.8660254037844384,0.40673664307580015,0.9135454576426009
2022-01-02 23:00:00,1.4016372326118307,-0.25881904510252157,0.9659258262890681,0.40673664307580015,0.9135454576426009
2022-01-03 00:00:00,0.938821566305915,0.0,1.0,0.5877852522924731,0.8090169943749475
2022-01-03 01:00:00,0.4989234381673874,0.25881904510252074,0.9659258262890683,0.5877852522924731,0.8090169943749475
2022-01-03 02:00:00,0.3483873717171711,0.49999999999999994,0.8660254037844387,0.5877852522924731,0.8090169943749475
2022-01-03 03:00:00,0.3693131469696964,0.7071067811865476,0.7071067811865476,0.5877852522924731,0.8090169943749475
2022-01-03 04:00:00,0.3999850251082245,0.8660254037844386,0.5000000000000001,0.5877852522924731,0.8090169943749475
2022-01-03 05:00:00,0.4012106387445881,0.9659258262890683,0.25881904510252074,0.5877852522924731,0.8090169943749475
2022-01-03 06:00:00,0.3519862054834049,1.0,6.123233995736766e-17,0.5877852522924731,0.8090169943749475
2022-01-03 07:00:00,0.2686705767676762,0.9659258262890683,-0.25881904510252063,0.5877852522924731,0.8090169943749475
2022-01-03 08:00:00,0.347811283621933,0.8660254037844387,-0.4999999999999998,0.5877852522924731,0.8090169943749475
2022-01-03 09:00:00,0.6932788293650782,0.7071067811865476,-0.7071067811865475,0.5877852522924731,0.8090169943749475
2022-01-03 10:00:00,1.2718453972582957,0.49999999999999994,-0.8660254037844387,0.5877852522924731,0.8090169943749475
2022-01-03 11:00:00,1.9814280712121184,0.258819045102521,-0.9659258262890682,0.5877852522924731,0.8090169943749475
2022-01-03 12:00:00,2.644351432683979,1.2246467991473532e-16,-1.0,0.5877852522924731,0.8090169943749475
2022-01-03 13:00:00,3.065544481024527,-0.2588190451025208,-0.9659258262890683,0.5877852522924731,0.8090169943749475
2022-01-03 14:00:00,3.091523820418466,-0.4999999999999997,-0.8660254037844388,0.5877852522924731,0.8090169943749475
2022-01-03 15:00:00,2.7822939935064896,-0.7071067811865471,-0.7071067811865479,0.5877852522924731,0.8090169943749475
2022-01-03 16:00:00,2.3815353802308765,-0.8660254037844385,-0.5000000000000004,0.5877852522924731,0.8090169943749475
2022-01-03 17:00:00,2.092926750360747,-0.9659258262890683,-0.25881904510252063,0.5877852522924731,0.8090169943749475
2022-01-03 18:00:00,2.027954554112551,-1.0,-1.8369701987210297e-16,0.5877852522924731,0.8090169943749475
2022-01-03 19:00:00,2.0900399817460285,-0.9659258262890684,0.2588190451025203,0.5877852522924731,0.8090169943749475
2022-01-03 20:00:00,2.116150346753243,-0.8660254037844386,0.5000000000000001,0.5877852522924731,0.8090169943749475
2022-01-03 21:00:00,1.9758531704906173,-0.7071067811865477,0.7071067811865474,0.5877852522924731,0.8090169943749475
2022-01-03 22:00:00,1.658942660389608,-0.5000000000000004,0.8660254037844384,0.5877852522924731,0.8090169943749475
2022-01-03 23:00:00,1.2377586131313114,-0.25881904510252157,0.9659258262890681,0.5877852522924731,0.8090169943749475
2022-01-04 00:00:00,0.7954064410533899,0.0,1.0,0.7431448254773941,0.6691306063588582
2022-01-04 01:00:00,0.4877617136363629,0.25881904510252074,0.9659258262890683,0.7431448254773941,0.6691306063588582
2022-01-04 02:00:00,0.3730112590909086,0.49999999999999994,0.8660254037844387,0.7431448254773941,0.6691306063588582
2022-01-04 03:00:00,0.357196655555555,0.7071067811865476,0.7071067811865476,0.7431448254773941,0.6691306063588582
2022-01-04 04:00:00,0.3717160306637801,0.8660254037844386,0.5000000000000001,0.7431448254773941,0.6691306063588582
2022-01-04 05:00:00,0.3733737939393934,0.9659258262890683,0.25881904510252074,0.7431448254773941,0.6691306063588582
2022-01-04 06:00:00,0.3219064457431452,1.0,6.123233995736766e-17,0.7431448254773941,0.6691306063588582
2022-01-04 07:00:00,0.2259870821067816,0.9659258262890683,-0.25881904510252063,0.7431448254773941,0.6691306063588582
2022-01-04 08:00:00,0.2780723212842707,0.8660254037844387,-0.4999999999999998,0.7431448254773941,0.6691306063588582
2022-01-04 09:00:00,0.662770329220778,0.7071067811865476,-0.7071067811865475,0.7431448254773941,0.6691306063588582
2022-01-04 10:00:00,1.4604919924242403,0.49999999999999994,-0.8660254037844387,0.7431448254773941,0.6691306063588582
2022-01-04 11:00:00,2.704693412698409,0.258819045102521,-0.9659258262890682,0.7431448254773941,0.6691306063588582
2022-01-04 12:00:00,4.150107581890326,1.2246467991473532e-16,-1.0,0.7431448254773941,0.6691306063588582
2022-01-04 13:00:00,5.264012828932172,-0.2588190451025208,-0.9659258262890683,0.7431448254773941,0.6691306063588582
2022-01-04 14:00:00,5.669739212193354,-0.4999999999999997,-0.8660254037844388,0.7431448254773941,0.6691306063588582
2022-01-04 15:00:00,5.2593523735930665,-0.7071067811865471,-0.7071067811865479,0.7431448254773941,0.6691306063588582
2022-01-04 16:00:00,4.239202700937945,-0.8660254037844385,-0.5000000000000004,0.7431448254773941,0.6691306063588582
2022-01-04 17:00:00,2.942599808080804,-0.9659258262890683,-0.25881904510252063,0.7431448254773941,0.6691306063588582
2022-01-04 18:00:00,1.9249023098124072,-1.0,-1.8369701987210297e-16,0.7431448254773941,0.6691306063588582
2022-01-04 19:00:00,1.3892955772727251,-0.9659258262890684,0.2588190451025203,0.7431448254773941,0.6691306063588582
2022-01-04 20:00:00,1.2088055866522347,-0.8660254037844386,0.5000000000000001,0.7431448254773941,0.6691306063588582
2022-01-04 21:00:00,1.1355277104617587,-0.7071067811865477,0.7071067811865474,0.7431448254773941,0.6691306063588582
2022-01-04 22:00:00,1.0876153932178916,-0.5000000000000004,0.8660254037844384,0.7431448254773941,0.6691306063588582
2022-01-04 23:00:00,0.9859297436507922,-0.25881904510252157,0.9659258262890681,0.7431448254773941,0.6691306063588582
2022-01-05 00:00:00,0.7945770283549771,0.0,1.0,0.8660254037844386,0.5000000000000001
2022-01-05 01:00:00,0.5746097834054826,0.25881904510252074,0.9659258262890683,0.8660254037844386,0.5000000000000001
2022-01-05 02:00:00,0.5219263308080799,0.49999999999999994,0.8660254037844387,0.8660254037844386,0.5000000000000001
2022-01-05 03:00:00,0.4957759435064928,0.7071067811865476,0.7071067811865476,0.8660254037844386,0.5000000000000001
2022-01-05 04:00:00,0.4475512346320339,0.8660254037844386,0.5000000000000001,0.8660254037844386,0.5000000000000001
2022-01-05 05:00:00,0.3943637331168825,0.9659258262890683,0.25881904510252074,0.8660254037844386,0.5000000000000001
2022-01-05 06:00:00,0.304320174531024,1.0,6.123233995736766e-17,0.8660254037844386,0.5000000000000001
2022-01-05 07:00:00,0.2664206970418465,0.9659258262890683,-0.25881904510252063,0.8660254037844386,0.5000000000000001
2022-01-05 08:00:00,0.42140318066378,0.8660254037844387,-0.4999999999999998,0.8660254037844386,0.5000000000000001
2022-01-05 09:00:00,0.780761446248195,0.7071067811865476,-0.7071067811865475,0.8660254037844386,0.5000000000000001
2022-01-05 10:00:00,1.316847910028858,0.49999999999999994,-0.8660254037844387,0.8660254037844386,0.5000000000000001
2022-01-05 11:00:00,1.9562134953823924,0.258819045102521,-0.9659258262890682,0.8660254037844386,0.5000000000000001
2022-01-05 12:00:00,2.4667320772005734,1.2246467991473532e-16,-1.0,0.8660254037844386,0.5000000000000001
2022-01-05 13:00:00,2.7467580817460275,-0.2588190451025208,-0.9659258262890683,0.8660254037844386,0.5000000000000001
2022-01-05 14:00:00,2.735472216017312,-0.4999999999999997,-0.8660254037844388,0.8660254037844386,0.5000000000000001
2022-01-05 15:00:00,2.507138559163056,-0.7071067811865471,-0.7071067811865479,0.8660254037844386,0.5000000000000001
2022-01-05 16:00:00,2.1939253434343406,-0.8660254037844385,-0.5000000000000004,0.8660254037844386,0.5000000000000001
2022-01-05 17:00:00,1.891520590620488,-0.9659258262890683,-0.25881904510252063,0.8660254037844386,0.5000000000000001
2022-01-05 18:00:00,1.6671211616161592,-1.0,-1.8369701987210297e-16,0.8660254037844386,0.5000000000000001
2022-01-05 19:00:00,1.4839157706349186,-0.9659258262890684,0.2588190451025203,0.8660254037844386,0.5000000000000001
2022-01-05 20:00:00,1.2341243343434325,-0.8660254037844386,0.5000000000000001,0.8660254037844386,0.5000000000000001
2022-01-05 21:00:00,0.9802484386002872,-0.7071067811865477,0.7071067811865474,0.8660254037844386,0.5000000000000001
2022-01-05 22:00:00,0.7639706189754679,-0.5000000000000004,0.8660254037844384,0.8660254037844386,0.5000000000000001
2022-01-05 23:00:00,0.6095483379509371,-0.25881904510252157,0.9659258262890681,0.8660254037844386,0.5000000000000001
2022-01-06 00:00:00,0.5424894593795085,0.0,1.0,0.9510565162951535,0.30901699437494745
2022-01-06 01:00:00,0.5516404223665216,0.25881904510252074,0.9659258262890683,0.9510565162951535,0.30901699437494745
2022-01-06 02:00:00,0.5897466482683975,0.49999999999999994,0.8660254037844387,0.9510565162951535,0.30901699437494745
2022-01-06 03:00:00,0.5931555179653671,0.7071067811865476,0.7071067811865476,0.9510565162951535,0.30901699437494745
2022-01-06 04:00:00,0.5487016122655115,0.8660254037844386,0.5000000000000001,0.9510565162951535,0.30901699437494745
2022-01-06 05:00:00,0.4428009587301581,0.9659258262890683,0.25881904510252074,0.9510565162951535,0.30901699437494745
2022-01-06 06:00:00,0.3137415038239533,1.0,6.123233995736766e-17,0.9510565162951535,0.30901699437494745
2022-01-06 07:00:00,0.2777345453102448,0.9659258262890683,-0.25881904510252063,0.9510565162951535,0.30901699437494745
2022-01-06 08:00:00,0.434685712698412,0.8660254037844387,-0.4999999999999998,0.9510565162951535,0.30901699437494745
2022-01-06 09:00:00,0.7929477875180364,0.7071067811865476,-0.7071067811865475,0.9510565162951535,0.30901699437494745
2022-01-06 10:00:00,1.2856471665223648,0.49999999999999994,-0.8660254037844387,0.9510565162951535,0.30901699437494745
2022-01-06 11:00:00,1.777743063564211,0.258819045102521,-0.9659258262890682,0.9510565162951535,0.30901699437494745
2022-01-06 12:00:00,2.125745460101007,1.2246467991473532e-16,-1.0,0.9510565162951535,0.30901699437494745
2022-01-06 13:00:00,2.166787387229434,-0.2588190451025208,-0.9659258262890683,0.9510565162951535,0.30901699437494745
2022-01-06 14:00:00,1.87560596248196,-0.4999999999999997,-0.8660254037844388,0.9510565162951535,0.30901699437494745
2022-01-06 15:00:00,1.3973972543290023,-0.7071067811865471,-0.7071067811865479,0.9510565162951535,0.30901699437494745
2022-01-06 16:00:00,0.9205581556998544,-0.8660254037844385,-0.5000000000000004,0.9510565162951535,0.30901699437494745
2022-01-06 17:00:00,0.5712865626262618,-0.9659258262890683,-0.25881904510252063,0.9510565162951535,0.30901699437494745
2022-01-06 18:00:00,0.3812206256132749,-1.0,-1.8369701987210297e-16,0.9510565162951535,0.30901699437494745
2022-01-06 19:00:00,0.3190628639971135,-0.9659258262890684,0.2588190451025203,0.9510565162951535,0.30901699437494745
2022-01-06 20:00:00,0.3359740059163054,-0.8660254037844386,0.5000000000000001,0.9510565162951535,0.30901699437494745
2022-01-06 21:00:00,0.3502809632034626,-0.7071067811865477,0.7071067811865474,0.9510565162951535,0.30901699437494745
2022-01-06 22:00:00,0.3445319250360745,-0.5000000000000004,0.8660254037844384,0.9510565162951535,0.30901699437494745
2022-01-06 23:00:00,0.337888533549783,-0.25881904510252157,0.9659258262890681,0.9510565162951535,0.30901699437494745
2022-01-07 00:00:00,0.3438465494949489,0.0,1.0,0.9945218953682733,0.10452846326765346
2022-01-07 01:00:00,0.3517848937950932,0.25881904510252074,0.9659258262890683,0.9945218953682733,0.10452846326765346
2022-01-07 02:00:00,0.3576698398989894,0.49999999999999994,0.8660254037844387,0.9945218953682733,0.10452846326765346
2022-01-07 03:00:00,0.3602173308802303,0.7071067811865476,0.7071067811865476,0.9945218953682733,0.10452846326765346
2022-01-07 04:00:00,0.3574266287878782,0.8660254037844386,0.5000000000000001,0.9945218953682733,0.10452846326765346
2022-01-07 05:00:00,0.3422432933621928,0.9659258262890683,0.25881904510252074,0.9945218953682733,0.10452846326765346
2022-01-07 06:00:00,0.2878615686147181,1.0,6.123233995736766e-17,0.9945218953682733,0.10452846326765346
2022-01-07 07:00:00,0.2529329651515147,0.9659258262890683,-0.25881904510252063,0.9945218953682733,0.10452846326765346
2022-01-07 08:00:00,0.3131047968975463,0.8660254037844387,-0.4999999999999998,0.9945218953682733,0.10452846326765346
2022-01-07 09:00:00,0.5982355857864348,0.7071067811865476,-0.7071067811865475,0.9945218953682733,0.10452846326765346
2022-01-07 10:00:00,1.1021700673881658,0.49999999999999994,-0.8660254037844387,0.9945218953682733,0.10452846326765346
2022-01-07 11:00:00,1.6952431288600265,0.258819045102521,-0.9659258262890682,0.9945218953682733,0.10452846326765346
2022-01-07 12:00:00,2.184488691774889,1.2246467991473532e-16,-1.0,0.9945218953682733,0.10452846326765346
2022-01-07 13:00:00,2.380838705483402,-0.2588190451025208,-0.9659258262890683,0.9945218953682733,0.10452846326765346
2022-01-07 14:00:00,2.190471552236649,-0.4999999999999997,-0.8660254037844388,0.9945218953682733,0.10452846326765346
2022-01-07 15:00:00,1.6946483697691177,-0.7071067811865471,-0.7071067811865479,0.9945218953682733,0.10452846326765346
2022-01-07 16:00:00,1.0800924238816725,-0.8660254037844385,-0.5000000000000004,0.9945218953682733,0.10452846326765346
2022-01-07 17:00:00,0.7087905616883106,-0.9659258262890683,-0.25881904510252063,0.9945218953682733,0.10452846326765346
2022-01-07 18:00:00,0.7119610667388155,-1.0,-1.8369701987210297e-16,0.9945218953682733,0.10452846326765346
2022-01-07 19:00:00,1.0217941893939375,-0.9659258262890684,0.2588190451025203,0.9945218953682733,0.10452846326765346
2022-01-07 20:00:00,1.434106603246751,-0.8660254037844386,0.5000000000000001,0.9945218953682733,0.10452846326765346
2022-01-07 21:00:00,1.726691119408367,-0.7071067811865477,0.7071067811865474,0.9945218953682733,0.10452846326765346
2022-01-07 22:00:00,1.7896132709956687,-0.5000000000000004,0.8660254037844384,0.9945218953682733,0.10452846326765346
2022-01-07 23:00:00,1.6140886694805174,-0.25881904510252157,0.9659258262890681,0.9945218953682733,0.10452846326765346
2022-01-08 00:00:00,1.250164628499277,0.0,1.0,0.9945218953682734,-0.10452846326765333
2022-01-08 01:00:00,0.8877769838383827,0.25881904510252074,0.9659258262890683,0.9945218953682734,-0.10452846326765333
2022-01-08 02:00:00,0.6249163484848475,0.49999999999999994,0.8660254037844387,0.9945218953682734,-0.10452846326765333
2022-01-08 03:00:00,0.479732768831168,0.7071067811865476,0.7071067811865476,0.9945218953682734,-0.10452846326765333
2022-01-08 04:00:00,0.4085319107503601,0.8660254037844386,0.5000000000000001,0.9945218953682734,-0.10452846326765333
2022-01-08 05:00:00,0.3622633327561322,0.9659258262890683,0.25881904510252074,0.9945218953682734,-0.10452846326765333
2022-01-08 06:00:00,0.3157956998556993,1.0,6.123233995736766e-17,0.9945218953682734,-0.10452846326765333
2022-01-08 07:00:00,0.236061824386724,0.9659258262890683,-0.25881904510252063,0.9945218953682734,-0.10452846326765333
2022-01-08 08:00:00,0.2376930013708509,0.8660254037844387,-0.4999999999999998,0.9945218953682734,-0.10452846326765333
2022-01-08 09:00:00,0.4608109775613267,0.7071067811865476,-0.7071067811865475,0.9945218953682734,-0.10452846326765333
2022-01-08 10:00:00,0.9907190360028844,0.49999999999999994,-0.8660254037844387,0.9945218953682734,-0.10452846326765333
2022-01-08 11:00:00,1.743894000721498,0.258819045102521,-0.9659258262890682,0.9945218953682734,-0.10452846326765333
2022-01-08 12:00:00,2.5585948862914822,1.2246467991473532e-16,-1.0,0.9945218953682734,-0.10452846326765333
2022-01-08 13:00:00,3.2310482266955223,-0.2588190451025208,-0.9659258262890683,0.9945218953682734,-0.10452846326765333
2022-01-08 14:00:00,3.525277893939389,-0.4999999999999997,-0.8660254037844388,0.9945218953682734,-0.10452846326765333
2022-01-08 15:00:00,3.288954371789317,-0.7071067811865471,-0.7071067811865479,0.9945218953682734,-0.10452846326765333
2022-01-08 16:00:00,2.682335802741699,-0.8660254037844385,-0.5000000000000004,0.9945218953682734,-0.10452846326765333
2022-01-08 17:00:00,1.9635614646464616,-0.9659258262890683,-0.25881904510252063,0.9945218953682734,-0.10452846326765333
2022-01-08 18:00:00,1.3374804162337646,-1.0,-1.8369701987210297e-16,0.9945218953682734,-0.10452846326765333
2022-01-08 19:00:00,0.8727116126262613,-0.9659258262890684,0.2588190451025203,0.9945218953682734,-0.10452846326765333
2022-01-08 20:00:00,0.5991048833333324,-0.8660254037844386,0.5000000000000001,0.9945218953682734,-0.10452846326765333
2022-01-08 21:00:00,0.4873990704906197,-0.7071067811865477,0.7071067811865474,0.9945218953682734,-0.10452846326765333
2022-01-08 22:00:00,0.4557128392496386,-0.5000000000000004,0.8660254037844384,0.9945218953682734,-0.10452846326765333
2022-01-08 23:00:00,0.4264527177489171,-0.25881904510252157,0.9659258262890681,0.9945218953682734,-0.10452846326765333
2022-01-09 00:00:00,0.3807405472582966,0.0,1.0,0.9510565162951536,-0.30901699437494734
2022-01-09 01:00:00,0.3591162764069258,0.25881904510252074,0.9659258262890683,0.9510565162951536,-0.30901699437494734
2022-01-09 02:00:00,0.3445782718614713,0.49999999999999994,0.8660254037844387,0.9510565162951536,-0.30901699437494734
2022-01-09 03:00:00,0.331847545670995,0.7071067811865476,0.7071067811865476,0.9510565162951536,-0.30901699437494734
2022-01-09 04:00:00,0.3225996733766229,0.8660254037844386,0.5000000000000001,0.9510565162951536,-0.30901699437494734
2022-01-09 05:00:00,0.3150580891053386,0.9659258262890683,0.25881904510252074,0.9510565162951536,-0.30901699437494734
2022-01-09 06:00:00,0.3096991812409808,1.0,6.123233995736766e-17,0.9510565162951536,-0.30901699437494734
2022-01-09 07:00:00,0.2814121725829721,0.9659258262890683,-0.25881904510252063,0.9510565162951536,-0.30901699437494734
2022-01-09 08:00:00,0.2564253263347759,0.8660254037844387,-0.4999999999999998,0.9510565162951536,-0.30901699437494734
2022-01-09 09:00:00,0.3182007533189028,0.7071067811865476,-0.7071067811865475,0.9510565162951536,-0.30901699437494734
2022-01-09 10:00:00,0.5206768374458867,0.49999999999999994,-0.8660254037844387,0.9510565162951536,-0.30901699437494734
2022-01-09 11:00:00,0.8658065137806625,0.258819045102521,-0.9659258262890682,0.9510565162951536,-0.30901699437494734
2022-01-09 12:00:00,1.3178899507214987,1.2246467991473532e-16,-1.0,0.9510565162951536,-0.30901699437494734
2022-01-09 13:00:00,1.758728801587299,-0.2588190451025208,-0.9659258262890683,0.9510565162951536,-0.30901699437494734
2022-01-09 14:00:00,2.0375256966810937,-0.4999999999999997,-0.8660254037844388,0.9510565162951536,-0.30901699437494734
2022-01-09 15:00:00,2.031079938095236,-0.7071067811865471,-0.7071067811865479,0.9510565162951536,-0.30901699437494734
2022-01-09 16:00:00,1.772147593506491,-0.8660254037844385,-0.5000000000000004,0.9510565162951536,-0.30901699437494734
2022-01-09 17:00:00,1.4219491716450197,-0.9659258262890683,-0.25881904510252063,0.9510565162951536,-0.30901699437494734
2022-01-09 18:00:00,1.0858646303751789,-1.0,-1.8369701987210297e-16,0.9510565162951536,-0.30901699437494734
2022-01-09 19:00:00,0.8222167133477623,-0.9659258262890684,0.2588190451025203,0.9510565162951536,-0.30901699437494734
2022-01-09 20:00:00,0.671547137950937,-0.8660254037844386,0.5000000000000001,0.9510565162951536,-0.30901699437494734
2022-01-09 21:00:00,0.5935201151515144,-0.7071067811865477,0.7071067811865474,0.9510565162951536,-0.30901699437494734
2022-01-09 22:00:00,0.5283844272727265,-0.5000000000000004,0.8660254037844384,0.9510565162951536,-0.30901699437494734
2022-01-09 23:00:00,0.4590187184704177,-0.25881904510252157,0.9659258262890681,0.9510565162951536,-0.30901699437494734
2022-01-10 00:00:00,0.4110825988455981,0.0,1.0,0.8660254037844387,-0.4999999999999998
2022-01-10 01:00:00,0.4086073773448767,0.25881904510252074,0.9659258262890683,0.8660254037844387,-0.4999999999999998
2022-01-10 02:00:00,0.4186724931457425,0.49999999999999994,0.8660254037844387,0.8660254037844387,-0.4999999999999998
2022-01-10 03:00:00,0.4167929642857136,0.7071067811865476,0.7071067811865476,0.8660254037844387,-0.4999999999999998
2022-01-10 04:00:00,0.4014929191197685,0.8660254037844386,0.5000000000000001,0.8660254037844387,-0.4999999999999998
2022-01-10 05:00:00,0.3621037802308797,0.9659258262890683,0.25881904510252074,0.8660254037844387,-0.4999999999999998
2022-01-10 06:00:00,0.2613332065656562,1.0,6.123233995736766e-17,0.8660254037844387,-0.4999999999999998
2022-01-10 07:00:00,0.2461627768398264,0.9659258262890683,-0.25881904510252063,0.8660254037844387,-0.4999999999999998
2022-01-10 08:00:00,0.3773245534632028,0.8660254037844387,-0.4999999999999998,0.8660254037844387,-0.4999999999999998
2022-01-10 09:00:00,0.6501950611111103,0.7071067811865476,-0.7071067811865475,0.8660254037844387,-0.4999999999999998
2022-01-10 10:00:00,1.0389727932178918,0.49999999999999994,-0.8660254037844387,0.8660254037844387,-0.4999999999999998
2022-01-10 11:00:00,1.3914276333333313,0.258819045102521,-0.9659258262890682,0.8660254037844387,-0.4999999999999998
2022-01-10 12:00:00,1.6239493506493483,1.2246467991473532e-16,-1.0,0.8660254037844387,-0.4999999999999998
2022-01-10 13:00:00,1.6379960246031724,-0.2588190451025208,-0.9659258262890683,0.8660254037844387,-0.4999999999999998
2022-01-10 14:00:00,1.3921040364357844,-0.4999999999999997,-0.8660254037844388,0.8660254037844387,-0.4999999999999998
2022-01-10 15:00:00,1.058991226406925,-0.7071067811865471,-0.7071067811865479,0.8660254037844387,-0.4999999999999998
2022-01-10 16:00:00,0.777208116017315,-0.8660254037844385,-0.5000000000000004,0.8660254037844387,-0.4999999999999998
2022-01-10 17:00:00,0.684685714862914,-0.9659258262890683,-0.25881904510252063,0.8660254037844387,-0.4999999999999998
2022-01-10 18:00:00,0.8091358869408358,-1.0,-1.8369701987210297e-16,0.8660254037844387,-0.4999999999999998
2022-01-10 19:00:00,0.9703981910533896,-0.9659258262890684,0.2588190451025203,0.8660254037844387,-0.4999999999999998
2022-01-10 20:00:00,1.081268947474746,-0.8660254037844386,0.5000000000000001,0.8660254037844387,-0.4999999999999998
2022-01-10 21:00:00,1.0639898190476176,-0.7071067811865477,0.7071067811865474,0.8660254037844387,-0.4999999999999998
2022-01-10 22:00:00,0.9096600380952368,-0.5000000000000004,0.8660254037844384,0.8660254037844387,-0.4999999999999998
2022-01-10 23:00:00,0.6735479243867234,-0.25881904510252157,0.9659258262890681,0.8660254037844387,-0.4999999999999998
2022-01-11 00:00:00,0.4511011528860023,0.0,1.0,0.7431448254773945,-0.6691306063588579
2022-01-11 01:00:00,0.3238604196248191,0.25881904510252074,0.9659258262890683,0.7431448254773945,-0.6691306063588579
2022-01-11 02:00:00,0.297282847546897,0.49999999999999994,0.8660254037844387,0.7431448254773945,-0.6691306063588579
2022-01-11 03:00:00,0.302310823520923,0.7071067811865476,0.7071067811865476,0.7431448254773945,-0.6691306063588579
2022-01-11 04:00:00,0.3045826681818177,0.8660254037844386,0.5000000000000001,0.7431448254773945,-0.6691306063588579
2022-01-11 05:00:00,0.2935723410533906,0.9659258262890683,0.25881904510252074,0.7431448254773945,-0.6691306063588579
2022-01-11 06:00:00,0.247879805411255,1.0,6.123233995736766e-17,0.7431448254773945,-0.6691306063588579
2022-01-11 07:00:00,0.2454483266233762,0.9659258262890683,-0.25881904510252063,0.7431448254773945,-0.6691306063588579
2022-01-11 08:00:00,0.357114319552669,0.8660254037844387,-0.4999999999999998,0.7431448254773945,-0.6691306063588579
2022-01-11 09:00:00,0.5914404084415574,0.7071067811865476,-0.7071067811865475,0.7431448254773945,-0.6691306063588579
2022-01-11 10:00:00,0.9661352492063476,0.49999999999999994,-0.8660254037844387,0.7431448254773945,-0.6691306063588579
2022-01-11 11:00:00,1.4560631748196229,0.258819045102521,-0.9659258262890682,0.7431448254773945,-0.6691306063588579
2022-01-11 12:00:00,1.946445434776332,1.2246467991473532e-16,-1.0,0.7431448254773945,-0.6691306063588579
2022-01-11 13:00:00,2.316857081024528,-0.2588190451025208,-0.9659258262890683,0.7431448254773945,-0.6691306063588579
2022-01-11 14:00:00,2.399617120346317,-0.4999999999999997,-0.8660254037844388,0.7431448254773945,-0.6691306063588579
2022-01-11 15:00:00,2.180986610678208,-0.7071067811865471,-0.7071067811865479,0.7431448254773945,-0.6691306063588579
2022-01-11 16:00:00,1.7576485691919168,-0.8660254037844385,-0.5000000000000004,0.7431448254773945,-0.6691306063588579
2022-01-11 17:00:00,1.2503192752525236,-0.9659258262890683,-0.25881904510252063,0.7431448254773945,-0.6691306063588579
2022-01-11 18:00:00,0.8174574853535341,-1.0,-1.8369701987210297e-16,0.7431448254773945,-0.6691306063588579
2022-01-11 19:00:00,0.5418083253246745,-0.9659258262890684,0.2588190451025203,0.7431448254773945,-0.6691306063588579
2022-01-11 20:00:00,0.4161409254689747,-0.8660254037844386,0.5000000000000001,0.7431448254773945,-0.6691306063588579
2022-01-11 21:00:00,0.4350381215007208,-0.7071067811865477,0.7071067811865474,0.7431448254773945,-0.6691306063588579
2022-01-11 22:00:00,0.5067777318181811,-0.5000000000000004,0.8660254037844384,0.7431448254773945,-0.6691306063588579
2022-01-11 23:00:00,0.5735870026695518,-0.25881904510252157,0.9659258262890681,0.7431448254773945,-0.6691306063588579
2022-01-12 00:00:00,0.6254032893217885,0.0,1.0,0.5877852522924732,-0.8090169943749473
2022-01-12 01:00:00,0.6399828792929284,0.25881904510252074,0.9659258262890683,0.5877852522924732,-0.8090169943749473
2022-01-12 02:00:00,0.6169068687590178,0.49999999999999994,0.8660254037844387,0.5877852522924732,-0.8090169943749473
2022-01-12 03:00:00,0.5498799646464638,0.7071067811865476,0.7071067811865476,0.5877852522924732,-0.8090169943749473
2022-01-12 04:00:00,0.4473252635642128,0.8660254037844386,0.5000000000000001,0.5877852522924732,-0.8090169943749473
2022-01-12 05:00:00,0.3470459106782101,0.9659258262890683,0.25881904510252074,0.5877852522924732,-0.8090169943749473
2022-01-12 06:00:00,0.2666143863636359,1.0,6.123233995736766e-17,0.5877852522924732,-0.8090169943749473
2022-01-12 07:00:00,0.2310027247474743,0.9659258262890683,-0.25881904510252063,0.5877852522924732,-0.8090169943749473
2022-01-12 08:00:00,0.2954596807359302,0.8660254037844387,-0.4999999999999998,0.5877852522924732,-0.8090169943749473
2022-01-12 09:00:00,0.4310723100288594,0.7071067811865476,-0.7071067811865475,0.5877852522924732,-0.8090169943749473
2022-01-12 10:00:00,0.6072084567099558,0.49999999999999994,-0.8660254037844387,0.5877852522924732,-0.8090169943749473
2022-01-12 11:00:00,0.7548235565656556,0.258819045102521,-0.9659258262890682,0.5877852522924732,-0.8090169943749473
2022-01-12 12:00:00,0.8223397377344867,1.2246467991473532e-16,-1.0,0.5877852522924732,-0.8090169943749473
2022-01-12 13:00:00,0.786202865079364,-0.2588190451025208,-0.9659258262890683,0.5877852522924732,-0.8090169943749473
2022-01-12 14:00:00,0.6384034054112545,-0.4999999999999997,-0.8660254037844388,0.5877852522924732,-0.8090169943749473
2022-01-12 15:00:00,0.4787014619047612,-0.7071067811865471,-0.7071067811865479,0.5877852522924732,-0.8090169943749473
2022-01-12 16:00:00,0.4411851841991334,-0.8660254037844385,-0.5000000000000004,0.5877852522924732,-0.8090169943749473
2022-01-12 17:00:00,0.5678604922799415,-0.9659258262890683,-0.25881904510252063,0.5877852522924732,-0.8090169943749473
2022-01-12 18:00:00,0.7883143424242414,-1.0,-1.8369701987210297e-16,0.5877852522924732,-0.8090169943749473
2022-01-12 19:00:00,0.9497264642135628,-0.9659258262890684,0.2588190451025203,0.5877852522924732,-0.8090169943749473
2022-01-12 20:00:00,0.9847235454545442,-0.8660254037844386,0.5000000000000001,0.5877852522924732,-0.8090169943749473
2022-01-12 21:00:00,0.8879772469696958,-0.7071067811865477,0.7071067811865474,0.5877852522924732,-0.8090169943749473
2022-01-12 22:00:00,0.6877151635642126,-0.5000000000000004,0.8660254037844384,0.5877852522924732,-0.8090169943749473
2022-01-12 23:00:00,0.4690577883838377,-0.25881904510252157,0.9659258262890681,0.5877852522924732,-0.8090169943749473
2022-01-13 00:00:00,0.3042471346320341,0.0,1.0,0.40673664307580004,-0.913545457642601
2022-01-13 01:00:00,0.2482343165223661,0.25881904510252074,0.9659258262890683,0.40673664307580004,-0.913545457642601
2022-01-13 02:00:00,0.2587303895382391,0.49999999999999994,0.8660254037844387,0.40673664307580004,-0.913545457642601
2022-01-13 03:00:00,0.2668464919191914,0.7071067811865476,0.7071067811865476,0.40673664307580004,-0.913545457642601
2022-01-13 04:00:00,0.2676826075757571,0.8660254037844386,0.5000000000000001,0.40673664307580004,-0.913545457642601
2022-01-13 05:00:00,0.2645936960317456,0.9659258262890683,0.25881904510252074,0.40673664307580004,-0.913545457642601
2022-01-13 06:00:00,0.2350675246753243,1.0,6.123233995736766e-17,0.40673664307580004,-0.913545457642601
2022-01-13 07:00:00,0.1757548147907645,0.9659258262890683,-0.25881904510252063,0.40673664307580004,-0.913545457642601
2022-01-13 08:00:00,0.209645894444444,0.8660254037844387,-0.4999999999999998,0.40673664307580004,-0.913545457642601
2022-01-13 09:00:00,0.5034458719336211,0.7071067811865476,-0.7071067811865475,0.40673664307580004,-0.913545457642601
2022-01-13 10:00:00,1.051023714574313,0.49999999999999994,-0.8660254037844387,0.40673664307580004,-0.913545457642601
2022-01-13 11:00:00,1.7683713269119743,0.258819045102521,-0.9659258262890682,0.40673664307580004,-0.913545457642601
2022-01-13 12:00:00,2.500847060389608,1.2246467991473532e-16,-1.0,0.40673664307580004,-0.913545457642601
2022-01-13 13:00:00,3.015265427200573,-0.2588190451025208,-0.9659258262890683,0.40673664307580004,-0.913545457642601
2022-01-13 14:00:00,3.139229509451656,-0.4999999999999997,-0.8660254037844388,0.40673664307580004,-0.913545457642601
2022-01-13 15:00:00,2.8028428062770523,-0.7071067811865471,-0.7071067811865479,0.40673664307580004,-0.913545457642601
2022-01-13 16:00:00,2.177814715007212,-0.8660254037844385,-0.5000000000000004,0.40673664307580004,-0.913545457642601
2022-01-13 17:00:00,1.5241817944444425,-0.9659258262890683,-0.25881904510252063,0.40673664307580004,-0.913545457642601
2022-01-13 18:00:00,0.9596132286435772,-1.0,-1.8369701987210297e-16,0.40673664307580004,-0.913545457642601
2022-01-13 19:00:00,0.570550782756132,-0.9659258262890684,0.2588190451025203,0.40673664307580004,-0.913545457642601
2022-01-13 20:00:00,0.3658685739538233,-0.8660254037844386,0.5000000000000001,0.40673664307580004,-0.913545457642601
2022-01-13 21:00:00,0.2835547012265508,-0.7071067811865477,0.7071067811865474,0.40673664307580004,-0.913545457642601
2022-01-13 22:00:00,0.2817341407647903,-0.5000000000000004,0.8660254037844384,0.40673664307580004,-0.913545457642601
2022-01-13 23:00:00,0.2816293780663776,-0.25881904510252157,0.9659258262890681,0.40673664307580004,-0.913545457642601
2022-01-14 00:00:00,0.275257528427128,0.0,1.0,0.20791169081775931,-0.9781476007338057
2022-01-14 01:00:00,0.2744174499999995,0.25881904510252074,0.9659258262890683,0.20791169081775931,-0.9781476007338057
2022-01-14 02:00:00,0.2745203349206345,0.49999999999999994,0.8660254037844387,0.20791169081775931,-0.9781476007338057
2022-01-14 03:00:00,0.269405805483405,0.7071067811865476,0.7071067811865476,0.20791169081775931,-0.9781476007338057
2022-01-14 04:00:00,0.2586728502164498,0.8660254037844386,0.5000000000000001,0.20791169081775931,-0.9781476007338057
2022-01-14 05:00:00,0.2454528536796533,0.9659258262890683,0.25881904510252074,0.20791169081775931,-0.9781476007338057
2022-01-14 06:00:00,0.181158165295815,1.0,6.123233995736766e-17,0.20791169081775931,-0.9781476007338057
2022-01-14 07:00:00,0.1635388595959592,0.9659258262890683,-0.25881904510252063,0.20791169081775931,-0.9781476007338057
2022-01-14 08:00:00,0.301698472510822,0.8660254037844387,-0.4999999999999998,0.20791169081775931,-0.9781476007338057
2022-01-14 09:00:00,0.560947631890331,0.7071067811865476,-0.7071067811865475,0.20791169081775931,-0.9781476007338057
2022-01-14 10:00:00,0.8369103451659441,0.49999999999999994,-0.8660254037844387,0.20791169081775931,-0.9781476007338057
2022-01-14 11:00:00,1.0616943627705613,0.258819045102521,-0.9659258262890682,0.20791169081775931,-0.9781476007338057
2022-01-14 12:00:00,1.1917392764069248,1.2246467991473532e-16,-1.0,0.20791169081775931,-0.9781476007338057
2022-01-14 13:00:00,1.226090937590186,-0.2588190451025208,-0.9659258262890683,0.20791169081775931,-0.9781476007338057
2022-01-14 14:00:00,1.105209813419912,-0.4999999999999997,-0.8660254037844388,0.20791169081775931,-0.9781476007338057
2022-01-14 15:00:00,0.9307026546176034,-0.7071067811865471,-0.7071067811865479,0.20791169081775931,-0.9781476007338057
2022-01-14 16:00:00,0.7916958243145733,-0.8660254037844385,-0.5000000000000004,0.20791169081775931,-0.9781476007338057
2022-01-14 17:00:00,0.6695949067821059,-0.9659258262890683,-0.25881904510252063,0.20791169081775931,-0.9781476007338057
2022-01-14 18:00:00,0.5285180550505043,-1.0,-1.8369701987210297e-16,0.20791169081775931,-0.9781476007338057
2022-01-14 19:00:00,0.3875297001442995,-0.9659258262890684,0.2588190451025203,0.20791169081775931,-0.9781476007338057
2022-01-14 20:00:00,0.2787203868686864,-0.8660254037844386,0.5000000000000001,0.20791169081775931,-0.9781476007338057
2022-01-14 21:00:00,0.2405023975468971,-0.7071067811865477,0.7071067811865474,0.20791169081775931,-0.9781476007338057
2022-01-14 22:00:00,0.2325938502885999,-0.5000000000000004,0.8660254037844384,0.20791169081775931,-0.9781476007338057
2022-01-14 23:00:00,0.2341691870129866,-0.25881904510252157,0.9659258262890681,0.20791169081775931,-0.9781476007338057
2022-01-15 00:00:00,0.24299229040404,0.0,1.0,5.66553889764798e-16,-1.0
2022-01-15 01:00:00,0.2534926760461756,0.25881904510252074,0.9659258262890683,5.66553889764798e-16,-1.0
2022-01-15 02:00:00,0.2605374742424238,0.49999999999999994,0.8660254037844387,5.66553889764798e-16,-1.0
2022-01-15 03:00:00,0.2626007847763343,0.7071067811865476,0.7071067811865476,5.66553889764798e-16,-1.0
2022-01-15 04:00:00,0.2591973375180371,0.8660254037844386,0.5000000000000001,5.66553889764798e-16,-1.0
2022-01-15 05:00:00,0.2505468800144296,0.9659258262890683,0.25881904510252074,5.66553889764798e-16,-1.0
2022-01-15 06:00:00,0.2382013637806634,1.0,6.123233995736766e-17,5.66553889764798e-16,-1.0
2022-01-15 07:00:00,0.2126164742424239,0.9659258262890683,-0.25881904510252063,5.66553889764798e-16,-1.0
2022-01-15 08:00:00,0.2167011939393936,0.8660254037844387,-0.4999999999999998,5.66553889764798e-16,-1.0
2022-01-15 09:00:00,0.308544367460317,0.7071067811865476,-0.7071067811865475,5.66553889764798e-16,-1.0
2022-01-15 10:00:00,0.4959771766955259,0.49999999999999994,-0.8660254037844387,5.66553889764798e-16,-1.0
2022-01-15 11:00:00,0.7380377588744579,0.258819045102521,-0.9659258262890682,5.66553889764798e-16,-1.0
2022-01-15 12:00:00,0.9299153578643566,1.2246467991473532e-16,-1.0,5.66553889764798e-16,-1.0
2022-01-15 13:00:00,0.998006799278498,-0.2588190451025208,-0.9659258262890683,5.66553889764798e-16,-1.0
2022-01-15 14:00:00,0.91078122135642,-0.4999999999999997,-0.8660254037844388,5.66553889764798e-16,-1.0
2022-01-15 15:00:00,0.7065331479076469,-0.7071067811865471,-0.7071067811865479,5.66553889764798e-16,-1.0
2022-01-15 16:00:00,0.5636963867243858,-0.8660254037844385,-0.5000000000000004,5.66553889764798e-16,-1.0
2022-01-15 17:00:00,0.6160267691197681,-0.9659258262890683,-0.25881904510252063,5.66553889764798e-16,-1.0
2022-01-15 18:00:00,0.8807070316738803,-1.0,-1.8369701987210297e-16,5.66553889764798e-16,-1.0
2022-01-15 19:00:00,1.2038911754689736,-0.9659258262890684,0.2588190451025203,5.66553889764798e-16,-1.0
2022-01-15 20:00:00,1.379966459884558,-0.8660254037844386,0.5000000000000001,5.66553889764798e-16,-1.0
2022-01-15 21:00:00,1.3405615829004311,-0.7071067811865477,0.7071067811865474,5.66553889764798e-16,-1.0
2022-01-15 22:00:00,1.103973076623375,-0.5000000000000004,0.8660254037844384,5.66553889764798e-16,-1.0
